PDB,RES
5BK9,1.51
5BKB,1.582
5BKC,1.8
5BKD,1.9
5BKE,2.15
5QKC,2.146
5QKD,2.113
5QKE,2.117
5QKF,2.141
5QKG,1.897
5QKH,2.654
5QKI,2.304
5QKJ,2.129
5QKK,2.075
5QKL,2.697
5QKM,2.487
5QKN,1.896
5QKO,2.004
5QKP,1.881
5QKQ,2.423
5QKR,2.502
5QKS,2.118
5QKT,1.896
5QKU,2.306
5QKV,2.14
5QKW,1.969
5QKX,2.005
5QKY,2.416
5QKZ,2.381
5QL0,2.045
5QL1,2.137
5QL2,2.111
5QL3,1.962
5QL4,2.006
5QL5,2.138
5QL6,2.081
5QL7,2.15
5QL8,2.302
5QL9,2.151
5QLA,1.864
5QLB,1.959
5QLC,2.214
5QLD,2.125
5QLE,1.954
5QLF,2.003
5QLG,2.48
5QLH,1.887
5QLI,2.043
5QLJ,1.959
5QLK,1.993
5QLL,1.96
5QLM,2.07
5QLN,2.409
5QLO,2.366
5QLP,2.521
5QLQ,1.866
5QLR,1.972
5QLS,2.007
5QLT,2.402
5QLU,2.197
5QLV,2.341
5QLW,1.959
5QLX,1.896
5QLY,2.175
5QLZ,1.996
5QM0,1.917
5QM1,1.959
5QM2,1.919
5QM3,1.982
5QM4,2.007
5QM5,2.008
5QM6,2.298
5QM7,2.037
5QM8,1.959
5QM9,1.962
5QMA,2.136
5QMB,1.897
5QMC,1.887
5QMD,1.972
5QME,1.83
5QMF,2.005
5QMG,2.109
5QMH,2.079
5QMI,1.671
5QMJ,2.304
5QMK,1.836
5QML,2.195
5QMM,1.961
5QMN,1.976
5QMO,2.052
5QMP,2.005
5QMQ,1.897
5QMR,2.004
5QMS,2.047
5QMT,2.043
5QMU,2.043
5QMV,1.907
5QMW,1.959
5QMX,1.918
5QMY,2.217
5QMZ,2.084
5QN0,2.007
5QN1,2.199
5QN2,2.3
5QN3,2.137
5QN4,2.373
5QN5,1.891
5QN6,1.897
5QN7,2.136
5QN8,1.868
5QN9,1.938
5QNA,2.139
5QNB,1.907
5QNC,2.14
5QND,1.899
5QNE,2.394
5QNF,1.96
5QNG,1.897
5QNH,2.211
5QNI,1.967
5QNJ,1.863
5QNK,1.898
5QNL,1.752
5QNM,1.863
5QNN,1.787
5QNO,1.953
5QNP,1.67
5QNR,1.752
5QNT,1.747
5QNU,1.862
5QNV,1.75
5QNW,1.883
5QNX,1.677
5QNY,1.595
5QNZ,1.792
5QO1,1.843
5QO2,1.637
5QO3,1.728
5QO4,1.78
5QO5,1.769
5QO6,1.794
5QO7,1.968
5QO8,1.728
5QOA,1.979
5QOB,1.698
5QOC,1.67
5QOD,1.908
5QOE,1.67
5QOF,1.637
5QOG,1.787
5QOH,1.93
5QOI,1.99
5QOJ,2.05
5QOK,2.28
5QOL,1.85
5QOM,1.87
5QON,1.8
5QOO,1.56
5QOP,1.86
5QOQ,1.49
5QOR,1.95
5QOS,1.7
5QOT,1.68
5QOU,2.19
5QOV,1.65
5QOW,1.82
5QOX,1.95
5QOY,1.69
5QOZ,1.7
5QP0,2
5QP1,1.79
5QP2,1.83
5QP3,1.75
5QP4,1.71
5QP5,1.9
5QP6,1.65
5QP7,1.88
5QP8,1.64
5QP9,1.72
5QPA,1.61
5QPB,1.68
5QPC,1.66
5QQD,1.91
5QQE,1.95
5QQF,2.26
5QQG,2.23
5QQH,2.09
5QQI,2.08
5QQK,2.24
5QQL,2.25
5QQM,2.02
5QQN,2.26
5QQO,2
5QQP,2.08
5QQQ,1.93
5QQR,1.46
5QQT,1.67
5QQU,1.55
5QQX,1.5
5QQY,1.49
5QQZ,1.55
5QR0,1.65
5QR1,1.44
5QR2,1.66
5QR3,1.71
5QR4,1.57
5QR5,1.49
5QR6,1.52
5QR7,1.74
5QR8,1.85
5QR9,1.62
5QRA,1.72
5QRB,1.72
5QRC,1.82
5QRD,1.76
5QRE,1.67
5QRF,2.03
5QRG,1.95
5QRI,1.83
5QRJ,1.81
5QRK,1.63
5QRL,1.76
5QRM,1.55
5QRN,1.62
5QRO,1.61
5QRP,1.67
5QRQ,2.1
5QRR,1.69
5QRS,2.06
5QRT,1.77
5QRU,1.76
5QRV,1.67
5QRW,1.74
5QRX,1.87
5QRY,1.58
5QRZ,1.96
5QS0,1.6
5QS1,1.66
5QS2,1.68
5QS3,1.71
5QS4,1.65
5QS6,1.67
5QS7,1.66
5QS9,1.43
5QSA,1.55
5QSB,1.82
5QSC,1.62
5QSD,1.87
5QSE,2.01
5QSF,1.96
5QSG,1.87
5QSH,1.9
5QSI,1.64
5QSL,2.2
5QSM,2.74
5QSN,2.66
5QSP,2.89
5QSR,3.28
5QSS,3.08
5QST,2.58
5QSU,2.73
5QSV,2.76
5QSW,3.03
5QSZ,3.08
5QT0,2.1
5QT1,1.58
5QT3,1.95
5QTL,1.73
5QTM,1.79
5QTN,1.83
5QTO,1.67
5QTP,1.73
5QTQ,1.82
5QTR,1.55
5QTS,1.85
5QTT,2.23
5QTU,2.53
5QTV,2.2
5QTW,2.12
5QTX,2.07
5QTY,1.89
5QTZ,1.83
5QU1,1.08
5QU2,1.04
5QU4,1.05
5QU5,1.11
5QU6,1.816
5QU8,0.93
5QU9,2
5QUA,1.51
6J2D,2.313
6J2E,2.1
6J2G,2.41
6J2J,2.5
6J2L,2.17
6J2M,1.13
6J2O,1.9
6J2P,2.85
6J2R,1.4
6J2S,1.73
6J2U,1.3
6J2V,1.9
6J2Z,2.4
6J31,2.244
6J32,2.5
6J33,1.297
6J34,1.498
6J35,1.839
6J36,2.301
6J38,2.3
6J3A,2.38
6J3B,1.6
6J3C,1.851
6J3D,1.7
6J3E,2.455
6J3F,2.5
6J3G,1.95
6J3M,2.3
6J3N,1.99
6J3O,2.11
6J3P,1.598
6J3W,2.07
6J3X,1.62
6J43,1.85
6J44,2.06
6J46,2.621
6J47,1.9
6J48,1.201
6J49,1.6
6J4A,3.99
6J4D,1.4
6J4E,3.126
6J4F,2.4
6J4G,3
6J4H,1.641
6J4J,2.101
6J4K,1.58
6J4M,2.598
6J4N,2.1
6J4O,2.3
6J4P,1.599
6J4R,2.8
6J4S,2.8
6J4T,1.82
6J4V,2.1
6J52,2.504
6J53,1.52
6J55,2.33
6J56,1.798
6J57,2.01
6J58,1.521
6J5B,2.7
6J5C,3.6
6J5L,2.3
6J5M,1.85
6J5N,1.73
6J5O,1.9
6J5P,1.8
6J5Q,1.798
6J5R,1.85
6J5S,1.02
6J5X,1.79
6J5Y,1.98
6J5Z,1.3
6J61,2.5
6J62,2.486
6J63,2.624
6J64,0.95
6J65,1.42
6J66,1.953
6J67,2.05
6J68,2.495
6J69,2.753
6J6A,2.353
6J6B,1.901
6J6C,1.6
6J6D,1.9
6J6E,1.5
6J6F,4.2
6J6L,1.452
6J6M,1.25
6J6P,1.53
6J6T,2.36
6J6U,3.32
6J6V,1.2
6J6W,1.693
6J6X,2.962
6J6Y,2.15
6J71,2.918
6J72,2.2
6J76,2.368
6J7A,3.269
6J7B,1.618
6J7C,2.7
6J7F,2.883
6J7G,3.868
6J7I,3.3
6J7J,1.75
6J7K,2.15
6J7M,2.301
6J7U,2.302
6J7W,2.6
6J7Z,2.005
6J80,1.812
6J81,1.8
6J83,1.9
6J85,2.2
6J86,2.6
6J8F,2.283
6J8L,2.3
6J8N,1.95
6J8Q,1.787
6J8R,1.575
6J8W,2.35
6J8Y,2.4
6J91,3.5
6J92,2.421
6J93,0.95
6J94,2.401
6J95,2.002
6J98,1.56
6J9A,2.915
6J9B,1.9
6J9C,3.102
6J9H,2.31
6J9J,1.78
6J9L,1.78
6J9N,2.606
6J9O,1.397
6J9Q,2.7
6J9R,2.5
6J9S,2
6J9U,2.79
6J9W,1.8
6J9X,2.7
6J9Y,1.63
6JAD,1.9
6JAF,2.9
6JAG,1.85
6JAH,1.63
6JAI,2.1
6JAK,2.41
6JAL,1.56
6JAM,1.63
6JAN,1.77
6JAO,1.77
6JAP,1.77
6JAQ,1.95
6JAR,1.63
6JAS,2.501
6JAT,2.713
6JAU,1.905
6JAV,1.437
6JAW,1.981
6JAY,1.498
6JAZ,1.85
6JB0,1.63
6JB4,1.63
6JB5,1.55
6JB7,2.1
6JB8,1.65
6JB9,1.15
6JBA,2
6JBB,1.95
6JBD,2.5
6JBE,1.75
6JBK,2.45
6JBM,2.1
6JBN,2.3
6JBO,1.88
6JBP,2.217
6JBR,2.03
6JBT,2.47
6JBU,1.849
6JBV,1.712
6JBW,2.65
6JBX,2.2
6JBZ,2.603
6JC0,2.1
6JC2,2.65
6JC4,2.3
6JC5,2.051
6JC6,1.9
6JC7,2.2
6JC8,2.25
6JC9,2.35
6JCA,2.1
6JCB,2.85
6JCC,1.45
6JCF,2.153
6JCG,2.5
6JCH,1.536
6JCI,1.493
6JCJ,2.5
6JCL,1.644
6JCM,2.08
6JCN,1.998
6JCO,2.88
6JD0,1.805
6JD2,2.53
6JD4,2.1
6JD5,2.2
6JD6,2.2
6JD7,2.45
6JD8,1.457
6JD9,1.58
6JDA,2.9
6JDB,2.65
6JDC,2.271
6JDD,2.6
6JDE,2.8
6JDG,2.388
6JDH,1.9
6JDK,2.495
6JDL,2.249
6JDO,2.002
6JDP,1.601
6JDR,2.5
6JDS,2.5
6JDU,2.81
6JDV,3.1
6JDX,2.28
6JE3,2.931
6JE4,3.069
6JE7,3.9
6JE8,1.798
6JEB,1.498
6JEC,2.049
6JED,1.57
6JEE,1.3
6JEF,1.58
6JEG,2.975
6JEH,2.95
6JEL,2.3
6JEM,2.6
6JEN,2.65
6JER,2.4
6JES,1.75
6JET,2.6
6JEU,2.1
6JEV,1.9
6JEX,2.11
6JEY,2.2
6JEZ,2.3
6JF0,3.4
6JF1,1.95
6JF2,2
6JF3,2.01
6JF4,2
6JF5,2
6JF7,2
6JF8,1.7
6JF9,1.7
6JFA,1.93
6JFC,2.04
6JFD,2.4
6JFE,2.1
6JFF,2.1
6JFG,2.6
6JFJ,1.932
6JFK,1.997
6JFL,2.806
6JFM,2.09
6JFO,1.6
6JFP,2.7
6JFQ,2.2
6JFR,2.4
6JFS,2.25
6JFU,3.2
6JFV,2.6
6JFW,2.002
6JFX,1.981
6JG5,2.221
6JG8,2.097
6JG9,1.998
6JGF,2.15
6JGH,0.94
6JGI,0.85
6JGJ,0.78
6JGM,2.3
6JGV,2.2
6JGW,2.8
6JGY,3.389
6JH0,2.403
6JH1,3
6JH5,1.54
6JH7,1.38
6JH9,1.739
6JHA,1.78
6JHC,1.6
6JHE,3.101
6JHF,1.71
6JHH,2.025
6JHI,2.319
6JHK,3.101
6JHM,2.3
6JHO,2.1
6JHV,2.321
6JHX,2.2
6JI3,2.2
6JI4,1.6
6JI5,2
6JI6,1.5
6JIA,1.9
6JIE,1.75
6JIF,1.7
6JIG,1.903
6JIJ,2.65
6JIL,2.32
6JIM,2
6JIO,2.6
6JIP,1.659
6JIT,2.052
6JIW,1.58
6JIX,2.647
6JIZ,1.763
6JJ1,0.97
6JJ3,1.718
6JJ4,2.6
6JJ5,1.2
6JJ6,1.4
6JJ7,2.9
6JJ8,2.8
6JJ9,3
6JJB,1.508
6JJJ,2.792
6JJM,2.049
6JJN,2.5
6JJP,2.9
6JJQ,0.99
6JJS,1.62
6JJT,1.33
6JJU,3.2
6JJX,2
6JJZ,1.65
6JK0,3.1
6JK1,2
6JK2,1.06
6JK4,1.06
6JK7,3.204
6JK9,2.312
6JKF,1.99
6JKG,2.9
6JKI,2.59
6JKJ,1.9
6JKK,1.85
6JKL,2.148
6JKM,1.95
6JKO,1.9
6JKQ,2.81
6JKR,1.6
6JKS,2.1
6JKT,2.3
6JKU,1.95
6JKV,2.1
6JKX,1.08
6JKY,2.454
6JKZ,1.397
6JL1,2.29
6JL2,2.3
6JL3,1.303
6JL4,2.4
6JL6,2
6JL7,2.5
6JL8,2.804
6JL9,2
6JLA,2.4
6JLB,3.205
6JLC,1.847
6JLD,2
6JLE,1.55
6JLF,2.548
6JLG,2.5
6JLH,2.37
6JLI,1.778
6JLM,2.35
6JLN,2.4
6JLQ,3.101
6JLR,2.901
6JLS,2.24
6JLV,1.22
6JM4,3.2
6JM5,1.6
6JM8,1.911
6JMB,1.389
6JMD,1.781
6JME,1.8
6JMF,2
6JMG,2.701
6JMH,1.46
6JMI,2.896
6JMK,1.8
6JMV,1.832
6JMW,1.85
6JMY,1.661
6JMZ,1.92
6JN0,2.164
6JN1,2.382
6JN2,3.6
6JN3,2.216
6JN4,1.9
6JN5,1.97
6JN6,1.602
6JN8,2.106
6JNH,2
6JNI,2.9
6JNJ,1.5
6JNL,2.15
6JNM,2.05
6JNN,2.6
6JNO,2.65
6JNY,1.451
6JO0,1.651
6JO1,2.1
6JO3,2.35
6JO7,2.4
6JO8,3.495
6JOF,2.2
6JOG,2.3
6JOH,2.4
6JOO,2.9
6JOP,2.353
6JOV,1.941
6JOX,1.803
6JOY,2.392
6JOZ,1.35
6JP1,1.99
6JP2,2.272
6JP3,1.66
6JP4,2.069
6JPH,2.759
6JPJ,2.638
6JPK,2.102
6JPL,2.32
6JPM,2.098
6JPN,2.85
6JPR,2.35
6JPT,0.96
6JPW,1.951
6JQ1,2.3
6JQ4,2
6JQ7,2.55
6JQA,2.402
6JQD,1.69
6JQF,1.9
6JQR,2.2
6JQS,2.09
6JQT,1.8
6JQV,3.42
6JR0,2.5
6JR1,2.4
6JR6,2
6JR7,1.75
6JR8,1.8
6JRE,2.59
6JRF,2.047
6JRG,2.005
6JRL,2.2
6JRP,3
6JS8,1.36
6JS9,2
6JSA,1.3
6JSB,1.699
6JSD,2.042
6JSE,2
6JSF,2.3
6JSG,2.3
6JSJ,3.2
6JSN,2.6
6JSZ,1.53
6JT3,2.4
6JT4,2.2
6JT5,1.5
6JT6,2
6JT7,1.86
6JT9,2.1
6JTA,1.75
6JTB,1.5
6JTC,2.39
6JTD,1.85
6JTE,2.3
6JU0,2.601
6JU1,1.6
6JUH,3
6JUI,2.402
6JUL,2.3
6JUM,1.78
6JUO,2.16
6JUP,2.44
6JUQ,2.74
6JUS,2.5
6JUV,3.043
6JUY,2.97
6JUZ,1.21
6JV0,1.14
6JV4,1.7
6JV6,2.15
6JVC,1.75
6JVE,2.28
6JVV,1.51
6JVW,2.25
6JVY,2.003
6JWA,1.781
6JWC,2.297
6JWF,1.3
6JWH,1.72
6JWI,2.55
6JWJ,1.58
6JWK,1.86
6JWR,2.6
6JWS,2.3
6JWT,2.56
6JWU,2.65
6JWV,2.7
6JWW,2.75
6JWZ,2.95
6JX2,2.6
6JX3,1.7
6JX5,2.402
6JX6,2.805
6JX8,2.67
6JXD,2.25
6JXG,1.9
6JXP,1.56
6JXQ,1.76
6JY1,1.72
6JY5,2.15
6JY8,1.9
6JY9,1.9
6JYA,1.803
6JYB,1.802
6JYC,1.892
6JYD,2.007
6JYE,1.9
6JYF,2.004
6JYI,1.92
6JYJ,2.693
6JYN,1.599
6JYO,1.502
6JYR,1.501
6JYT,2.8
6JYV,1.651
6JYX,2
6JYY,2
6JYZ,1.35
6JZ0,2.86
6JZA,2.3
6JZC,2.201
6JZD,2.479
6JZH,2.25
6JZI,2
6JZL,2.32
6JZM,1.88
6K01,2.839
6K02,2.162
6K04,1.251
6K05,1.935
6K06,1.75
6K07,2.24
6K0H,2
6K0I,1.8
6K0J,2.352
6K0M,1.6
6K0P,1.424
6K0Q,1.564
6K0T,1.84
6K0U,1.95
6K0W,2.65
6K0X,2.2
6K11,1.936
6K12,2.794
6K13,1.89
6K16,2.2
6K17,1.602
6K18,2.303
6K19,2.202
6K1A,2.602
6K1B,2.605
6K1C,2.45
6K1E,2.9
6K1J,2.85
6K1Q,2.7
6K1S,2.6
6K1W,1.5
6K1Y,1.9
6K1Z,2.307
6K21,2
6K24,2.1
6K28,2.002
6K2C,2.703
6K2D,3.6
6K2H,1.8
6K2L,2.5
6K2M,3.19
6K2N,1.8
6K2O,2.296
6K2Q,2
6K2U,2.554
6K30,2.684
6K31,2.6
6K36,2.3
6K37,2.5
6K38,1.78
6K39,1.398
6K3A,2.3
6K3H,2.179
6K3L,2.09
6K3M,1.8
6K3Z,3.2
6K4E,2.094
6K4F,1.735
6K4L,2.949
6K4P,2.9
6K4Q,2.7
6K4R,3.109
6K4S,3.01
6K4U,3.2
6K4X,1.17
6K4Z,1.65
6K57,2.98
6K58,1.41
6K5D,3.203
6K5E,2.257
6K5F,3.203
6K5G,1.574
6K5H,2.503
6K5I,3.022
6K5J,1.903
6K5K,2.097
6K5L,2.55
6K5O,1.8
6K5P,1.805
6K5V,2.69
6K62,2.55
6K63,2.073
6K64,1.933
6K65,1.65
6K68,3.2
6K69,2.401
6K6B,2.06
6K6L,1.77
6K6R,2.471
6K6U,2.27
6K7C,1.15
6K7D,2
6K7E,1.534
6K7O,3.004
6K7T,1.6
6K7U,1.601
6K81,2.28
6K8C,1.952
6K8H,1.9
6K8M,1.45
6K8S,1.8
6K8U,2
6K8V,2.2
6K8W,3.17
6K93,1.53
6K94,2.26
6K96,2.5
6K97,2.5
6K9S,1.55
6K9T,1.459
6K9U,2.35
6K9V,2.543
6K9Y,2.2
6K9Z,1.78
6KA5,1.59
6KA9,1.4
6KAE,1.45
6KAH,1.45
6KAI,1.45
6KAK,2.056
6KAL,2.6
6KAN,2.251
6KAO,1.4
6KAP,1.45
6KAQ,1.5
6KAR,1.6
6KAS,1.65
6KAT,1.7
6KAU,1.6
6KAV,1.7
6KBR,2
6KBS,1.601
6KBU,2.1
6KBX,1.221
6KBY,1.097
6KBZ,1.653
6KC4,1.37
6KC7,3.3
6KC8,2.9
6KCF,2.55
6KCJ,2.46
6KCK,2.5
6KCL,2.7
6KCR,3.5
6KD1,1.85
6KD2,1.7
6KD3,2.764
6KD7,2
6KD9,2.44
6KDB,2.862
6KDF,3.05
6KDH,2.47
6KDI,2.7
6KDJ,2.51
6KDK,2.56
6KDL,3.274
6KDM,2.32
6KDN,2.303
6KDO,2.573
6KDP,2.93
6KDV,3.11
6KDX,2.44
6KDZ,3.1
6KE0,2.95
6KE1,3.39
6KE2,1.798
6KE3,3.307
6KE4,2.3
6KE5,2.803
6KEA,2.35
6KEB,3.2
6KEN,1.75
6KEO,1.58
6KEP,1.55
6KEQ,1.84
6KET,1.6
6KFM,1.7
6KFN,0.89
6KFU,2.2
6KG0,2.78
6KG1,2.7
6KGA,3.3
6KGI,1.04
6KGJ,1.8
6KGS,2.309
6KGU,2.106
6KGV,2.301
6KH1,2.4
6KH3,2.3
6KH5,2.294
6KHD,2.7
6KHE,2.8
6KHF,2.598
6KHR,2.786
6KHX,2.58
6KHZ,2.8
6KI1,2.809
6KI2,2.197
6KI6,2.5
6KI7,2.75
6KI8,1.79
6KIJ,1.58
6KIK,1.601
6KIL,1.6
6KIN,2.527
6KIP,1.911
6KJ0,2.27
6KJ7,2.839
6KJ9,2.5
6KJA,3.064
6KJC,2.297
6KJD,2.299
6KJE,2.484
6KJI,1.99
6KJL,2.45
6KJU,1.75
6KJW,1.36
6KJX,1.53
6KJZ,2.2
6KK0,2.2
6KK8,2.349
6KKA,2.36
6KKB,1.7
6KKE,2.577
6KKF,1.4
6KKH,2.64
6KKS,2.15
6KKW,3.202
6KKZ,0.9
6KL8,1.94
6KLA,2.109
6KLG,2.1
6KLI,1.8
6KLJ,1.998
6KLK,1.759
6KLY,2.01
6KM7,1.801
6KM8,3.099
6KMB,2.4
6KMD,2.2
6KME,1.95
6KMJ,1.4
6KMO,1.45
6KMT,2.6
6KMZ,3.61
6KN0,2.793
6KN1,1.9
6KNH,1.76
6KNK,2.3
6KNM,3.2
6KNS,2.15
6KNU,2.7
6KNV,2.8
6KNW,2.67
6KNZ,2.475
6KO6,2.4
6KO7,1.7
6KO8,1.55
6KO9,2.2
6KOB,3.6
6KOD,3
6KOP,3.303
6KOQ,3.353
6KOR,2.602
6KOS,2
6KOT,2.149
6KOY,2.35
6KOZ,2.25
6KP0,2.1
6KP5,1.1
6KP6,3
6KP7,1.97
6KPL,1.75
6KPN,2.1
6KPO,2.36
6KPR,2.1
6KQD,3.3
6KQE,3.3
6KQG,2.783
6KQH,3.18
6KQM,3.197
6KQN,3.489
6KR6,2.9
6KRU,2.3
6KRY,1.8
6KS5,2.8
6KSN,2.15
6KSQ,2.202
6KTA,2.3
6KTB,2.5
6KTC,2.008
6KTJ,2.1
6KTL,1.65
6KTM,2.7
6KTN,2.752
6KTY,1.99
6KUA,2.104
6KUG,1.4
6KUW,2.8
6KUX,2.7
6KUY,3.2
6KV2,2.003
6KV9,1.48
6KVC,1.66
6KVD,2.21
6KVI,2.598
6KVJ,2.499
6KVK,2.397
6KVL,1.998
6KVM,1.897
6KVP,1.4
6KWQ,1.76
6KWR,2.5
6KWZ,1.551
6KXI,1.38
6KXO,1.49
6KXW,3.7
6KY4,3.2
6KY6,2.07
6KY7,2.27
6KY8,2.301
6KY9,1.7
6KYC,2.604
6KYD,3.1
6KYE,2.28
6KYH,3.3
6KYL,3.55
6KYY,2.8
6KZ6,2.187
6KZ9,1.801
6KZA,3.1
6KZD,1.708
6KZI,2.8
6KZJ,1.5
6KZL,1.763
6KZN,1.5
6KZU,1.79
6KZW,2.08
6KZY,2.301
6L00,1.75
6L0V,1.347
6L0W,1.591
6L0Z,1.6
6L19,2.13
6L1D,1.95
6L1K,1.97
6L1L,1.9
6L1M,1.7
6L1N,2
6L1Q,2.2
6L1V,2.25
6L1Z,1.908
6L20,3.087
6L21,2.055
6L22,2.123
6L24,2.4
6L2B,2.65
6L2C,2.44
6L2G,2.41
6L2J,1.933
6L2O,2.2
6L2P,2.3
6L2Q,2.3
6L30,2.8
6L32,2.3
6L33,2
6L3E,1.6
6L3F,1.975
6L3G,3.3
6L3M,1.77
6L3W,2.6
6L3Z,2.7
6L41,2.2
6L46,1.5
6L4C,3.191
6L4F,2.2
6L4M,3.302
6L4P,1.703
6L55,1.783
6L56,1.853
6L58,3.903
6L5G,2.5
6L5P,2.603
6L5Q,2.894
6L5R,2.89
6L5S,1.914
6L5V,1.45
6L5W,1.5
6L5X,1.65
6L5Y,1.65
6L64,2.08
6L67,1.97
6L68,1.92
6L6A,1.81
6L6B,1.802
6L6C,1.77
6L6D,1.93
6L6G,1.98
6L6Q,2.601
6L74,3.12
6L7H,1.8
6L7S,2.41
6L7T,2.41
6L7U,2.24
6L86,2.23
6L88,3
6L8D,2.91
6L8K,2.999
6L8P,1.601
6L8Q,3.1
6L8U,2.925
6L93,4.47
6L96,3.2
6L9E,1.696
6L9S,2
6LAC,1.3
6LAQ,1.7
6LAS,2.708
6LAU,3.109
6LAX,2.7
6LAZ,2.76
6LC1,3.12
6LCO,1.995
6LCW,1.4
6LCX,1.4
6LDM,2.4
6LEH,2
6LES,2.004
6LF3,3.2
6LFD,1.92
6LG2,1.6
6LGW,2.904
6LGX,3.097
6LH6,1.4
6LHN,2.5
6LI0,2.2
6LI2,2.8
6LIV,2.31
6LJ9,2.307
6LJB,2.487
6LJC,1.85
6LJE,1.4
6LK0,2.6
6LK4,2.503
6LL5,1.75
6LLN,1.8
6LN2,3.2
6LNG,1.8
6NIW,1.55
6NIX,2.1
6NJ0,1.83
6NJ1,1.399
6NJ2,1.5
6NJ3,1.01
6NJ4,1.3
6NJ5,1.25
6NJ6,1.6
6NJ7,2.6
6NJA,1.92
6NJC,1.9
6NJD,2.05
6NJE,2.2
6NJG,2.35
6NJH,2.15
6NJI,2.45
6NJJ,2.3
6NJK,1.55
6NJQ,2.75
6NJR,2.7
6NJS,2.7
6NJT,2.07
6NJV,2.3
6NJW,1.86
6NJX,1.95
6NJY,1.76
6NJZ,1.9
6NK0,1.53
6NK1,1.55
6NK2,2.2
6NK3,2.2
6NK8,2.24
6NKA,2.23
6NKB,2
6NKC,1.631
6NKD,2.8
6NKE,1.72
6NKF,2.232
6NKG,2.15
6NKH,1.6
6NKI,2.6
6NKJ,1.3
6NKL,2.2
6NKM,1.896
6NKN,2.5
6NKO,2.403
6NKP,2.033
6NKR,2.45
6NKS,2.349
6NKT,2.6
6NKU,1.9
6NKV,1.85
6NKW,1.98
6NKX,1.98
6NKY,2.094
6NKZ,2.01
6NL0,1.97
6NL1,2.297
6NL2,1.92
6NL4,1.991
6NL5,2.314
6NL7,1.4
6NL8,1.5
6NL9,1.7
6NLB,2.3
6NLF,1.45
6NLG,1.5
6NLH,2.199
6NLI,1.9
6NLK,1.85
6NLL,1.8
6NLM,1.9
6NLN,1.6
6NLP,1.9
6NLQ,1.15
6NLR,2.1
6NLT,1.9
6NLU,1.607
6NLV,1.794
6NLW,1.85
6NLX,1.8
6NLY,2.307
6NLZ,1.9
6NM0,1.44
6NM1,2.33
6NM4,2.58
6NM6,2.739
6NMB,2.3
6NMF,2.8
6NMG,2.2
6NMK,1.94
6NML,2
6NMM,2.5
6NMN,1.8
6NMO,1.45
6NMQ,1.58
6NMR,2.42
6NMS,2.11
6NMT,1.83
6NMU,2.55
6NMV,2.61
6NMW,1.199
6NMX,1.971
6NMY,3.301
6NMZ,2.4
6NN0,2.343
6NN1,1.5
6NN2,1.44
6NN5,2.256
6NN7,2.32
6NN8,2.416
6NNA,2.26
6NNC,1.8
6NND,1.7
6NNE,1.595
6NNG,2.397
6NNH,1.523
6NNI,1.561
6NNO,1.57
6NNP,1.5
6NNQ,2.621
6NNR,1.05
6NNT,1.45
6NNU,1.46
6NNV,1.92
6NNW,1.7
6NNX,1.87
6NNY,1.668
6NNZ,2.3
6NO1,2.44
6NO2,2.159
6NO3,1.939
6NO4,2.24
6NO6,1.911
6NO7,3.55
6NO8,2.377
6NO9,1.712
6NOB,2.44
6NOC,2.849
6NOD,2.547
6NOE,1.969
6NOF,2.251
6NOH,2.249
6NOI,1.8
6NOJ,2.33
6NOK,1.69
6NOL,1.73
6NON,2.68
6NOO,2.5
6NOP,1.7
6NOQ,1.61
6NOR,2.402
6NOS,2.701
6NOT,2.4
6NOU,1.914
6NOV,2.14
6NOW,4.099
6NOY,3.46
6NOZ,1.95
6NP1,1.6
6NP2,1.2
6NP3,1.15
6NP5,1.353
6NP6,2.6
6NP7,2.16
6NP8,1.41
6NP9,1.27
6NPA,1.73
6NPC,1.7
6NPD,1.78
6NPF,2.57
6NPI,1.501
6NPM,1.603
6NPN,2.2
6NPO,2.4
6NPP,1.35
6NPQ,1.55
6NPR,2.37
6NPT,2.19
6NPU,2.33
6NPV,1.86
6NQ3,2.89
6NQ4,1.45
6NQ5,1.85
6NQ6,1.5
6NQ7,2.5
6NQ8,3.1
6NQ9,3.1
6NQC,1.94
6NQE,1.85
6NQF,1.9
6NQG,2.05
6NQH,1.45
6NQI,2.75
6NQK,2
6NQL,2.147
6NQM,2.9
6NQN,2.1
6NQO,2.1
6NQP,2.2
6NQQ,2.6
6NQR,2.9
6NQS,2.5
6NQT,3.05
6NQU,2.7
6NQV,2.7
6NQW,1.9
6NQZ,2.58
6NR0,2.45
6NR1,2.1
6NR5,2.9
6NR6,1.9
6NRE,2.06
6NRF,2
6NRH,1.5
6NRI,2.2
6NRJ,1.65
6NRL,3.2
6NRP,1.9
6NRQ,1.8
6NRR,2.5
6NRU,2.505
6NRW,2.4
6NRX,1.9
6NRZ,2.1
6NS1,1.85
6NS3,2.84
6NS4,2.4
6NS5,2.79
6NS6,3.3
6NSA,1.95
6NSC,2.25
6NSD,1.74
6NSF,2.1
6NSG,2.4
6NSI,2
6NSL,2.15
6NSM,2.8
6NSN,2.6
6NSO,1.6
6NSP,2.31
6NSQ,3.05
6NSS,1.97
6NST,2.136
6NSU,2.15
6NSV,1.305
6NSW,2.099
6NSX,2
6NSY,2.2
6NSZ,2.2
6NT0,2.2
6NT1,2.2
6NT2,2.48
6NTC,2.9
6NTD,3.15
6NTE,2.33
6NTF,2.8
6NTI,2.3
6NTJ,2.35
6NTP,1.89
6NTR,2.101
6NTT,2.4
6NTU,1.8
6NTV,2.4
6NTW,2.76
6NTY,2.1
6NTZ,2.2
6NU1,2.25
6NU6,2.437
6NU8,1.8
6NU9,1.761
6NUA,1.64
6NUB,1.7
6NUH,1.594
6NUJ,2.1
6NUK,1.92
6NUM,1.9
6NUN,1.87
6NUP,1.6
6NUQ,3.15
6NUU,2.3
6NUX,2.2
6NV1,2.5
6NV6,2.65
6NV7,2.132
6NV8,2.26
6NV9,2.13
6NVA,2.16
6NVC,2.25
6NVD,2.44
6NVE,2
6NVF,1.989
6NVI,2.117
6NVJ,2.3
6NVK,2.3
6NVL,2.7
6NVM,1.75
6NVP,2
6NVT,2.2
6NVU,2.5
6NVW,2.203
6NVX,1.36
6NVY,2.27
6NW1,1.86
6NW3,2.352
6NW4,3
6NW6,1.67
6NW7,1.481
6NW9,1.85
6NWB,2.003
6NWD,2
6NWE,2.705
6NWF,2.055
6NWG,1.939
6NWH,2.03
6NWJ,2.16
6NWL,1.595
6NWM,2.11
6NWN,2.005
6NWO,2.11
6NWS,2.44
6NWT,2.35
6NWU,3.2
6NWV,1.601
6NWW,2.06
6NWZ,2.6
6NX0,1.54
6NX1,2.27
6NX3,1.87
6NX5,1.554
6NX6,2.15
6NX7,2.15
6NX8,1.85
6NX9,1.97
6NXA,1.93
6NXB,1.75
6NXC,1.74
6NXD,1.9
6NXF,2.791
6NXG,1.6
6NXI,1.61
6NXJ,1.92
6NXL,2.803
6NXQ,1.96
6NXR,1.3
6NXS,1.52
6NXW,1.95
6NXX,1.64
6NXY,1.05
6NXZ,1.75
6NY0,1.4
6NY4,2.33
6NY5,3.002
6NY6,3.74
6NY7,1.4
6NY9,1.66
6NYD,1.65
6NYH,2.1
6NYO,1.502
6NYP,2.7
6NYQ,1.85
6NYT,1.369
6NYU,2.183
6NYV,2.425
6NYW,2.189
6NYX,1.85
6NZ4,1.92
6NZ5,2.233
6NZ7,2.95
6NZ8,1.2
6NZ9,1.528
6NZB,1.37
6NZC,1.403
6NZE,1.96
6NZF,2.39
6NZG,2.43
6NZH,2.73
6NZI,4.44
6NZJ,2.4
6NZM,1.72
6NZP,2.35
6NZQ,2.11
6NZR,2.56
6NZS,1.4
6NZT,1.4
6NZV,1.55
6NZX,1.9
6NZY,1.9
6O04,2.5
6O07,2.702
6O09,2.06
6O0A,1.7
6O0D,2.5
6O0F,2.12
6O0J,2.35
6O0K,1.62
6O0L,2.2
6O0M,1.75
6O0N,3.03
6O0O,1.998
6O0P,1.8
6O0S,2.7
6O0T,2.8
6O0U,3.03
6O0V,2.07
6O0W,1.75
6O11,1.84
6O12,2.05
6O13,2.203
6O14,2.65
6O15,1.35
6O16,2.875
6O17,1.58
6O19,1.596
6O1A,2.6
6O1B,1.67
6O1C,2.6
6O1E,2.41
6O1G,2.2
6O1H,1.64
6O1I,3.55
6O1J,2
6O1S,1.7
6O1T,2.3
6O1W,2.2
6O21,1.15
6O26,1.8
6O2D,2.52
6O2E,1.896
6O2F,1.8
6O2H,1.212
6O2K,1.81
6O2U,1.8
6O2V,1.58
6O2W,2.101
6O2Y,2.8
6O2Z,2.5
6O30,4.47
6O31,1.51
6O33,1.74
6O34,1.57
6O35,2.4
6O36,2
6O38,2.595
6O39,1.8
6O3A,2.1
6O3B,2.5
6O3C,2.8
6O3D,1.402
6O3E,4.001
6O3F,2.4
6O3I,2.69
6O3J,3.416
6O3K,1.451
6O3L,1.98
6O3N,3.7
6O3O,2.8
6O3P,1.6
6O3R,1.3
6O3T,3.06
6O3U,3.105
6O3X,1.994
6O3Y,2.799
6O3Z,2.4
6O40,1.2
6O42,2.6
6O43,2.082
6O46,1.9
6O48,1.46
6O4A,2.1
6O4B,1.85
6O4E,1.75
6O4G,2.05
6O4H,2.05
6O4I,1.75
6O4K,2.06
6O4M,1.27
6O4N,1.8
6O4U,1.7
6O4W,2.35
6O4Y,1.58
6O4Z,1.5
6O50,2.352
6O51,1.55
6O52,3.2
6O53,1.4
6O54,1.21
6O55,1.7
6O56,1.9
6O57,1.71
6O59,2.79
6O5A,1.67
6O5C,3.1
6O5D,2.4
6O5E,1.9
6O5G,1.89
6O5H,2.84
6O5I,1.24
6O5J,1.63
6O5K,1.6
6O5L,3.3
6O5M,2.3
6O5N,3.003
6O5O,1.75
6O5R,2.8
6O5T,2.1
6O5U,1.4
6O5W,1.412
6O5X,1.7
6O5Y,3.17
6O61,2.599
6O62,1.88
6O64,2
6O65,1.8
6O67,2.52
6O68,2.78
6O69,2.081
6O6D,1.82
6O6F,1.6
6O6G,2.4
6O6J,1.6
6O6K,3.601
6O6M,2.506
6O6N,1.7
6O6O,1.63
6O6P,3.851
6O6Q,2.7
6O6S,2.65
6O6T,2.31
6O6V,2.35
6O6Y,1.96
6O6Z,2.1
6O71,2.55
6O73,3
6O76,2.787
6O79,3
6O7A,3.3
6O7B,2.4
6O7C,1.85
6O7D,2.81
6O7L,2.26
6O7N,1.75
6O7O,1.89
6O7P,1.7
6O7Q,2
6O7R,2.27
6O7S,2.27
6O7Z,2.7
6O80,2.1
6O83,3.153
6O86,1.799
6O87,1.75
6O88,1.99
6O89,2.09
6O8E,2.61
6O8F,2.81
6O8G,2.64
6O8H,2.39
6O8I,1.42
6O8U,1.8
6O91,1.1
6O93,2.178
6O94,1.98
6O95,1.77
6O97,2.75
6O98,2.29
6O9A,2.326
6O9C,2.45
6O9D,2.51
6O9E,2.4
6O9H,2.1
6O9N,2.598
6O9O,1.586
6O9P,2.1
6O9Y,2
6OA0,2
6OA1,1.8
6OA3,1.9
6OA6,1.37
6OAC,3.15
6OAD,2.05
6OAE,1.9
6OAF,2.2
6OAG,2.3
6OAH,2.2
6OAI,1.9
6OAJ,4.092
6OAL,1.6
6OAN,2.9
6OAO,3.497
6OAP,1.97
6OAR,2.063
6OAT,3.17
6OAU,2.48
6OAW,2.2
6OB3,2.1
6OB7,2.3
6OB8,2.3
6OBD,2.2
6OBN,2.7
6OBQ,1.84
6OBR,1.5
6OBS,1.803
6OBT,1.8
6OBU,1.95
6OBV,2.01
6OBX,1.3
6OBY,2.87
6OBZ,1.73
6OC0,1.4
6OC1,2.7
6OCB,2.1
6OCF,2.102
6OCG,1.833
6OCH,2.003
6OCI,2.54
6OCJ,2.5
6OCK,1.9
6OCL,2.35
6OCP,2.35
6OCQ,2.793
6OCR,2.28
6OCU,2.77
6OCZ,2.65
6OD1,2
6OD2,2.435
6OD3,1.494
6OD6,2
6OD8,1.85
6ODD,2
6ODE,2.9
6ODG,1
6ODZ,1.3
6OE0,1.3
6OE1,1.45
6OE3,2.9
6OE4,3.3
6OE5,4.1
6OE6,1.7
6OE7,2.2
6OEA,2.1
6OEC,2.514
6OEI,2.58
6OEL,3.1
6OEW,1.85
6OEX,2.1
6OEY,2.1
6OF0,2
6OF5,2.3
6OF8,2.1
6OF9,3
6OFB,2.84
6OFK,1.15
6OFL,1.25
6OFN,1.649
6OFO,2.603
6OFQ,1.45
6OFR,2.4
6OFS,2.6
6OFT,2
6OFU,1.75
6OFV,1.91
6OFY,2.2
6OG0,1.85
6OG4,1.7
6OGJ,1.8
6OGK,1.65
6OGM,1.865
6OH2,2.58
6OH4,3.38
6OH6,2.07
6OH7,2.19
6OH9,1.75
6OHA,2.21
6OHB,2.3
6OHD,2.5
6OHI,2.27
6OHJ,3.19
6OHK,1.2
6OHL,1.85
6OHM,1.895
6OHO,2
6OHQ,2.694
6OHR,3.2
6OHS,3.2
6OHT,3.2
6OHU,3.526
6OHZ,2.05
6OI4,1.76
6OI5,2.811
6OI6,2.56
6OI7,2.9
6OI8,2.5
6OIB,2.03
6OIE,2.075
6OIM,1.65
6OIN,1.7
6OIO,1.7
6OIP,1.8
6OIQ,1.75
6OIR,2.03
6OIW,3.35
6OIX,3.15
6OIY,3.29
6OJ1,1.76
6OJ7,1.45
6OJA,1.55
6OJB,2.093
6OJC,1.94
6OJH,2.05
6OJJ,2.406
6OJM,1.6
6OJP,2.17
6OJR,2.3
6OJS,3.214
6OJT,3
6OJU,2.884
6OJV,2.593
6OJW,2.6
6OJX,1.892
6OK1,1.7
6OK4,2.4
6OK8,1.8
6OKH,1.85
6OKJ,1.73
6OKM,2.1
6OKO,2.1
6OKQ,3.2
6OL5,2.9
6OL6,2.6
6OL7,2.419
6OL9,2.541
6OLN,2.5
6OLQ,2.1
6OLV,2.1
6OLX,1.438
6OLY,3.112
6OM1,2.66
6OM3,3.3
6OM4,1.7
6OM5,1.6
6OM8,2.449
6OME,1.95
6OMI,2.643
6OMK,2.1
6OML,2.7
6OMN,2.68
6OMO,2.8
6OMP,1.7
6OMQ,1.86
6OMR,2.45
6OMS,1.942
6OMU,1.41
6OMW,2.1
6OMX,1.71
6OMY,2.1
6OMZ,1.85
6ON0,1.6
6ON1,1.982
6ON5,1.638
6ON6,1.423
6ON7,1.981
6ON8,2.395
6ONA,1.95
6ONB,1.696
6ONC,1.5
6ONE,2.2
6ONG,1.42
6ONH,2.244
6ONI,1.8
6ONJ,2.3
6ONK,1.5
6ONM,2.7
6ONN,1.8
6ONP,2.27
6ONQ,2.71
6ONR,1.35
6ONS,2.485
6ONV,3.253
6ONX,1.7
6ONY,1.98
6ONZ,1.8
6OO6,2.1
6OO9,2.25
6OOA,2.52
6OOB,2.202
6OOG,2.02
6OOI,2.14
6OOM,2.2
6OON,1.9
6OOO,2.4
6OOP,2.8
6OOR,2.45
6OOS,1.9
6OOT,1.822
6OOU,2.127
6OOV,2.2
6OOY,2.5
6OOZ,2.8
6OP0,2.55
6OP1,1.7
6OP2,1.9
6OP3,1.6
6OP4,2.3
6OP5,2.7
6OP6,1.25
6OP7,1.37
6OP8,1.703
6OP9,2.501
6OPB,2
6OPD,1.791
6OPF,2
6OPG,2.9
6OPH,2.4
6OPI,3
6OPK,2.54
6OPM,3.1
6OPS,2.08
6OPT,1.96
6OPU,1.94
6OPV,1.91
6OPW,2.1
6OPX,2.03
6OPY,2.13
6OPZ,2.201
6OQ1,2.2
6OQ6,2.97
6OQ7,2.39
6OQ8,2.2
6OQB,1.6
6OQC,1.8
6OQD,1.48
6OQE,3.899
6OQM,2.2
6OQN,1.7
6OQQ,2.102
6OQX,2.004
6OQY,2.23
6OQZ,1.6
6OR0,1.55
6OR1,2.174
6OR2,2.59
6OR4,2.1
6OR8,1.65
6OR9,1.8
6ORA,2.2
6ORG,1.72
6ORH,1.62
6ORJ,2.37
6ORR,2.25
6ORT,2.3
6OS2,2.7
6OS5,1.66
6OS6,1.33
6OSS,2.19
6OSU,2.44
6OSX,1.45
6OT4,1.4
6OT6,1.65
6OT7,1.85
6OT9,2.4
6OTE,2.95
6OTG,1.5
6OTJ,2.85
6OTL,2.59
6OTN,2.4
6OTS,2.1
6OTT,2.55
6OTU,2.25
6OTV,2.4
6OU2,1.963
6OU3,1.796
6OUG,3.01
6OUN,2.656
6OUV,1.937
6OUW,2.398
6OUX,1.94
6OV0,2.8
6OV7,1.71
6OV8,2.61
6OVA,2.5
6OVB,2.611
6OVI,1.6
6OVK,1.761
6OVM,1.6
6OVN,1.77
6OVQ,1.8
6OVR,2.843
6OVT,1.88
6OVW,1.903
6OVX,2.1
6OVY,2.999
6OVZ,2.017
6OW0,2.67
6OW2,1.7
6OW3,2.766
6OW4,1.99
6OW7,1.45
6OWC,1.85
6OWD,1.5
6OWE,1.72
6OWJ,1.94
6OWK,2.698
6OWP,1.14
6OWU,1.84
6OWX,2.06
6OWY,2.07
6OWZ,2.05
6OX0,1.755
6OX1,1.949
6OX2,2.089
6OX3,1.785
6OX5,2.098
6OX6,2.17
6OXA,3.25
6OXC,1.9
6OXI,3.495
6OXJ,1.55
6OXO,2.003
6OXP,1.97
6OXQ,1.89
6OXR,2.035
6OXS,1.989
6OXT,1.861
6OXU,1.861
6OXV,1.991
6OXW,1.982
6OXX,1.962
6OXY,1.96
6OXZ,1.961
6OY0,2
6OY1,2
6OY2,1.99
6OY4,2.45
6OY5,3.1
6OY6,3.096
6OYF,2.1
6OYT,2.824
6OYU,2.95
6OYV,3.101
6OYW,2.603
6OZ6,3.7
6OZ7,1.36
6OZ9,3.462
6OZD,1.55
6OZE,1.5
6OZF,1.8
6OZG,1.93
6OZH,3.026
6OZI,2.302
6OZJ,2.247
6OZK,2.104
6OZO,2.235
6OZP,1.96
6OZQ,2.153
6OZR,2.15
6OZS,2.41
6OZU,2.4
6OZW,2.063
6OZX,1.851
6OZZ,3.304
6P01,1.89
6P02,2.25
6P04,2.3
6P06,2.3
6P08,2.27
6P09,2.052
6P0B,2.203
6P0C,1.55
6P0D,1.75
6P0E,1.85
6P0F,1.683
6P0I,1.18
6P0J,1.31
6P0K,1.49
6P0L,1.3
6P0M,1.5
6P0N,1.63
6P0O,1.54
6P0Q,1.72
6P0S,2.7
6P0T,3.603
6P0U,3.3
6P0X,2.4
6P10,2.301
6P11,2.15
6P13,2.1
6P14,1.93
6P16,1.913
6P17,1.851
6P1A,2.837
6P1B,1.942
6P1C,2.005
6P1D,2.4
6P1E,1.605
6P1F,1.654
6P1G,2.05
6P1I,2.74
6P1J,2.95
6P1L,2.8
6P1M,1.65
6P1N,1.6
6P1O,1.65
6P1P,1.75
6P1Q,1.9
6P1R,1.701
6P1S,1.75
6P1T,1.7
6P1U,1.75
6P1V,1.95
6P1W,1.751
6P23,1.595
6P27,1.593
6P28,1.35
6P29,1.5
6P2C,1.396
6P2E,1.9
6P2F,1.482
6P2G,2.99
6P2I,1.63
6P2K,2.15
6P2L,1.08
6P2M,1.98
6P2N,1.35
6P2O,1.88
6P2S,1.65
6P2U,2
6P3B,2.02
6P3H,1.62
6P3I,2.15
6P3K,1.88
6P3N,1.6
6P3P,1.61
6P3Q,2.8
6P3T,2.5
6P3U,2.55
6P3V,2.5
6P3W,2.54
6P3X,2.402
6P3Y,2.57
6P3Z,2.844
6P41,2.9
6P42,2.905
6P43,1.913
6P4I,1.6
6P4X,3.59
6P4Z,1.8
6P50,2.9
6P52,1.83
6P53,1.92
6P54,1.83
6P56,1.92
6P57,3.16
6P58,1.499
6P59,2.942
6P5D,1.6
6P5E,1.6
6P5F,1.7
6P5G,1.6
6P5O,1.49
6P5P,3.3
6P5Q,1.86
6P5R,2.45
6P5S,2.194
6P5T,2.1
6P5V,1.398
6P5X,1.97
6P61,1.95
6P68,2.9
6P69,2.2
6P6A,2.151
6P6E,1.99
6P6G,1.59
6P6X,2.75
6P6Y,2.89
6P70,3.052
6P71,2.92
6P72,3.283
6P74,2.2
6P78,1.726
6P7C,2.76
6P7D,2.4
6P7E,3.001
6P7J,3.501
6P7O,1.752
6P7P,1.665
6P7Q,1.66
6P7R,1.8
6P7S,3.49
6P7Z,1.19
6P80,1.5
6P81,1.75
6P82,2.05
6P83,1.7
6P84,1.7
6P85,1.9
6P86,1.8
6P87,1.9
6P88,1.7
6P89,1.4
6P8A,1.8
6P8E,2.3
6P8G,2.8
6P8H,3.19
6P8J,1.47
6P8M,3.594
6P8N,3.202
6P8O,1.604
6P8P,1.635
6P8Q,1.9
6P8R,2.141
6P8U,1.893
6P8W,2.1
6P8X,2.11
6P8Y,2.31
6P8Z,1.65
6P90,1.9
6P91,4
6P93,2.1
6P94,2.09
6P95,3.5
6P97,1.8
6P98,1.75
6P99,2.25
6P9C,1.9
6P9E,2
6P9F,2.8
6P9G,2.1
6P9N,2.65
6P9P,2
6P9U,3.3
6P9Z,1.86
6PA3,1.65
6PA4,1.85
6PA5,2
6PA6,2.12
6PA8,1.9
6PAB,1.73
6PAE,1.6
6PAF,1.241
6PAK,1.98
6PAU,1.93
6PAV,2.52
6PAY,2.199
6PB3,2.048
6PBB,1.892
6PBC,2.46
6PBD,2.343
6PBG,1.72
6PBH,1.89
6PBL,1.85
6PBM,1.57
6PBN,1.65
6PBO,1.649
6PBP,1.64
6PBT,2.18
6PBU,2
6PBV,1.566
6PBW,2.058
6PBZ,2.475
6PC0,1.7
6PC3,2.1
6PCE,1.65
6PCO,2.75
6PCP,3.2
6PCU,2.4
6PCW,2.2
6PCX,2.11
6PCZ,1.44
6PD0,1.75
6PD2,1.95
6PD4,2.2
6PD6,2.87
6PDI,1.85
6PDK,1.9
6PDM,2.45
6PDN,2.4
6PDO,2.4
6PDP,2.5
6PDQ,1.83
6PDV,1.23
6PDX,3.993
6PDZ,2.1
6PE3,2.3
6PE7,1.74
6PE8,2.84
6PE9,3.13
6PEA,1.36
6PEB,2.46
6PEG,2
6PEH,2.296
6PET,2.203
6PEU,1.95
6PEX,1.581
6PEY,2.88
6PF1,2.32
6PF3,2.391
6PF4,2.854
6PF5,2.39
6PF6,2.502
6PF7,2.795
6PF8,2.533
6PFA,2.79
6PFB,3.089
6PFD,3.324
6PFE,2.812
6PFF,2.982
6PFG,2.706
6PFH,2.94
6PFI,2.89
6PFJ,2.08
6PFL,2.1
6PFM,2.84
6PFN,1.76
6PFO,1.78
6PFQ,1.8
6PFR,1.51
6PFS,1.759
6PFT,1.45
6PFU,1.619
6PFW,2.34
6PFX,1.5
6PG0,2.1
6PG3,2.04
6PG4,1.6
6PG5,1.99
6PG6,1.68
6PG7,2.45
6PG8,1.67
6PG9,1.75
6PGA,2.45
6PGB,1.73
6PGC,1.81
6PGD,1.5
6PGE,1.76
6PGF,1.54
6PGI,3.5
6PGL,1.845
6PGM,2.3
6PGO,1.6
6PGP,1.5
6PGT,2.2
6PGU,1.72
6PGV,2.3
6PGX,1.36
6PH5,2.602
6PH6,2.6
6PH9,1.92
6PHA,2.299
6PHC,2.9
6PHE,2.1
6PHF,3.1
6PHG,2
6PHH,2.4
6PHR,1.65
6PHS,2.129
6PHT,1.8
6PHU,2.2
6PHV,2.1
6PHW,2.2
6PHY,2
6PHZ,2
6PI1,1.7
6PI4,2.1
6PI6,1.65
6PI7,2.8
6PI9,1.85
6PIA,1.75
6PIC,2.031
6PID,1.546
6PII,1.87
6PIM,3.05
6PIS,2.77
6PIT,2.25
6PIU,2.28
6PIV,2.14
6PIW,1.9
6PIX,1.87
6PIY,1.862
6PIZ,1.89
6PJ0,2.05
6PJ1,1.89
6PJ2,2.1
6PJ3,2.25
6PJ5,2.4
6PJ8,2.4
6PJ9,2.5
6PJA,2.6
6PJJ,2.4
6PJP,2.45
6PJQ,2.5
6PJR,2.4
6PJU,2.5
6PJV,1.43
6PJW,2.4
6PK0,1.75
6PK1,2.1
6PK3,2.18
6PK6,2.1
6PKA,2.25
6PKD,1.9
6PKE,1.88
6PKF,1.484
6PKG,2.8
6PKH,1.6
6PKI,2.293
6PKU,1.949
6PKY,3
6PL1,2.03
6PL2,2.59
6PL3,3
6PL6,3.3
6PLG,2.93
6PLM,2.592
6PM8,2.06
6PM9,2.86
6PMA,2.53
6PMB,2.81
6PMC,2.19
6PMD,2.21
6PME,3
6PMF,1.95
6PML,2
6PNM,1.82
6PNN,2.1
6PNO,1.82
6PNP,1.94
6PNQ,1.947
6PNU,2
6PNV,1.42
6PNW,2
6PNX,2.199
6PNY,1.65
6PO4,2.1
6POH,1.67
6POI,1.77
6PON,2.395
6POQ,1.8
6PP9,2.59
6PPA,1.77
6PPG,2.75
6PPM,2.61
6PPW,1.85
6PPX,1.85
6PPY,2
6PPZ,2.4
6PQ6,1.658
6PQ8,2.2
6PQC,2.1
6PQD,1.89
6PQH,2
6PQI,2.05
6PQL,2.65
6PQN,3.01
6PQS,1.6
6PQW,1.679
6PR0,1.9
6PR1,1.82
6PR2,2.16
6PR3,1.96
6PR4,2.24
6PRE,2.4
6PRF,1.21
6PRH,2.08
6PRM,2.5
6PRS,2.373
6PRT,1.3
6PRZ,2.8
6PS0,3.4
6PS3,2.5
6PS6,2.7
6PS7,1.85
6PS8,3.3
6PS9,1.21
6PSA,1.3
6PSB,1.59
6PSG,2.13
6PSJ,1.8
6PSL,2.1
6PSM,1.95
6PSO,2
6PT1,2
6PT2,2.8
6PT3,3.3
6PT4,1.45
6PT5,2.304
6PT6,2.25
6PTB,2.15
6PTE,1.901
6PTG,2.95
6PTH,3.05
6PTK,1.75
6PTM,2
6PTR,1.75
6PTT,1.84
6PTU,2.004
6PTX,1.65
6PTY,1.98
6PTZ,1.793
6PU2,2.2
6PU7,2.43
6PU9,1.7
6PUA,2
6PUB,2.43
6PUF,1.92
6PUI,1.96
6PUJ,1.92
6PUK,2.08
6PUN,2.099
6PUX,1.9
6PV4,2.2
6PV5,2.18
6PVE,2.3
6PVH,1.89
6PVI,2.093
6PVJ,1.25
6PVS,2.575
6PVU,1.49
6PVV,1.65
6PVW,1.6
6PVX,1.55
6PVY,1.74
6PVZ,1.99
6PW0,2.5
6PW1,2.1
6PW2,3.01
6PW3,2.34
6PW7,1.89
6PWD,2.47
6PWG,1.89
6PWH,1.749
6PWI,2.65
6PWJ,2.7
6PWK,2.61
6PWS,1
6PWT,2.701
6PX0,1.55
6PX2,2.4
6PX9,2.88
6PXA,1.82
6PXB,1.747
6PXC,1.6
6PXG,2.1
6PXH,2.3
6PXJ,1.7
6PXN,1.551
6PXO,2
6PXP,2.35
6PXQ,2.8
6PXS,2.836
6PXU,2.007
6PXX,1.5
6PXY,2
6PXZ,1.7
6PY0,2.204
6PY2,2.825
6PY4,2
6PY5,1.9
6PYA,1.71
6PYB,1.8
6PYC,3.6
6PYD,2
6PYF,1.73
6PYI,1.95
6PYJ,1.44
6PYL,1.52
6PYM,1.2
6PYO,2
6PYS,2.19
6PYV,1.45
6PYY,2.4
6PYZ,2.02
6PZ1,2.65
6PZ2,2
6PZ3,2.395
6PZ4,1.85
6PZ5,1.53
6PZD,1.12
6PZE,2.3
6PZF,2.8
6PZG,1.59
6PZH,2.3
6PZJ,1.75
6PZN,2
6PZO,1.5
6PZR,2.3
6PZS,1.79
6PZU,1.74
6Q02,2.09
6Q03,1.7
6Q0A,1.65
6Q0C,2
6Q0F,2.2
6Q0G,2
6Q0H,2.75
6Q0I,2.702
6Q0L,2.5
6Q0M,1.2
6Q0N,1.18
6Q0O,3
6Q0S,1.94
6Q0U,1.89
6Q0Z,1.75
6Q10,1.6
6Q11,1.8
6Q12,2.2
6Q18,2.55
6Q1A,2.001
6Q1C,1.76
6Q1D,1.79
6Q1E,2.5
6Q1H,1.45
6Q1J,2.703
6Q1K,2.2
6Q1M,1.24
6Q1Y,1.65
6Q1Z,3.446
6Q20,2.45
6Q23,3.27
6Q24,1.85
6Q27,2.2
6Q2B,2.72
6Q2D,3.45
6Q2E,1.768
6Q2F,2.2
6Q2M,2.75
6Q2P,1.452
6Q2Q,1.892
6Q2U,1.85
6QDI,1.13
6QDJ,1.884
6QDL,2.929
6QDM,3.8
6QDR,1.615
6QDT,1.702
6QDU,1.632
6QDX,2.1
6QDZ,1.73
6QE0,1.394
6QE1,1.85
6QE2,1.746
6QE3,1.75
6QE6,2.36
6QE7,2.06
6QE8,1.79
6QE9,2.03
6QEA,1.96
6QEC,1.9
6QEG,2.08
6QEH,2.17
6QEI,1.8
6QEK,1.95
6QEQ,1.9
6QER,2.465
6QEV,2.7
6QEY,2.2
6QF1,1.737
6QF2,1.733
6QF3,1.521
6QF4,2.495
6QF5,3.7
6QF6,2.59
6QF9,1.43
6QFC,1.96
6QFD,2.133
6QFE,1.67
6QFF,1.64
6QFG,1.68
6QFH,1.65
6QFI,2.4
6QFJ,2.13
6QFK,2
6QFL,2.2
6QFM,2
6QFR,2.3
6QFS,2.2
6QFT,2.7
6QFU,1.8
6QFV,1.45
6QFW,1.2
6QFX,1.32
6QFY,2.97
6QG4,2.3
6QG7,2.1
6QG8,1.9
6QG9,2.05
6QGB,2.2
6QGC,2
6QGD,1.8
6QGE,1.16
6QGF,1.34
6QGG,1.5
6QGI,2.46
6QGJ,1.9
6QGL,2.69
6QGM,2.75
6QGP,1.942
6QGR,1.839
6QGS,2.755
6QGU,1.77
6QGV,1.4
6QGW,1.938
6QGX,2.2
6QGY,2.509
6QH0,2.436
6QH1,2.9
6QH3,2.9
6QH4,1.922
6QH5,2.56
6QH6,5
6QH9,2.27
6QHA,1.82
6QHB,1.84
6QHD,2.85
6QHE,1.83
6QHG,1.483
6QHJ,1.25
6QHK,1.96
6QHN,1.9
6QHO,2.7
6QHP,1.8
6QHQ,1.735
6QHR,2.52
6QHS,1.733
6QHT,1.73
6QHU,1.73
6QHV,1.715
6QHW,1.718
6QHX,1.85
6QHY,1.698
6QHZ,1.799
6QI0,1.733
6QI1,1.9
6QI2,1.73
6QI3,1.739
6QI6,2
6QI7,2.5
6QIB,2.8
6QIC,2.7
6QID,2.204
6QIE,2.7
6QIG,2.8
6QIH,1.42
6QIL,2
6QIM,3.7
6QIO,1.95
6QIP,2.45
6QIX,1.65
6QIZ,1.65
6QJ0,2
6QJ1,2.56
6QJ2,3
6QJ3,3.3
6QJ7,1.69
6QJA,1.54
6QJC,1.7
6QJD,1.551
6QJF,1.5
6QJG,2.003
6QJI,1.5
6QJJ,1.7
6QJK,1.046
6QJL,1.043
6QJN,1.8
6QJU,1.202
6QJV,1.905
6QJW,2.1
6QJX,2.1
6QK0,2.091
6QK1,1.754
6QK2,1.596
6QK4,1.73
6QK8,2.917
6QK9,2.231
6QKA,2.1
6QKB,1.701
6QKD,1.9
6QKI,2.04
6QKJ,2.2
6QKR,2.2
6QKS,1.6
6QKT,1.512
6QKU,1.511
6QKV,2.01
6QKX,2.4
6QKY,2.54
6QL0,1.634
6QL1,1.42
6QL2,1.3
6QL3,1.35
6QL4,3.6
6QL7,4.6
6QL8,1.8
6QLA,1.43
6QLB,2.32
6QLC,2.2
6QLG,2.15
6QLI,1.99
6QLJ,1.77
6QLK,1.78
6QLN,1
6QLO,1.18
6QLP,1.081
6QLQ,1.079
6QLR,0.97
6QLS,1.047
6QLT,1.15
6QLU,1.1
6QLV,2.391
6QLW,2
6QLX,2.1
6QLY,2.5
6QLZ,2.343
6QM0,1.9
6QM2,2.8
6QMC,1.77
6QMD,1.94
6QME,1.81
6QMH,1.837
6QMI,1.781
6QMJ,1.86
6QML,2.1
6QMM,2.18
6QMN,2.31
6QMO,1.87
6QMP,2
6QMQ,2.5
6QMU,1.98
6QMV,1.87
6QN0,1.89
6QN2,1.95
6QN4,2.5
6QN5,1.96
6QN6,2.25
6QN8,2.12
6QN9,1.89
6QNB,1.7
6QNC,1.897
6QND,2.001
6QNH,1.849
6QNI,1.846
6QNJ,1.851
6QNK,1.9
6QNL,1.53
6QNM,2.1
6QNN,2.03
6QNP,2.7
6QNQ,3.5
6QNR,3.1
6QNV,1.4
6QNW,3.31
6QNX,2.7
6QNZ,2.45
6QO0,1.65
6QO1,2.25
6QO2,1.68
6QO3,1.65
6QO4,1.78
6QO5,1.511
6QO6,1.745
6QO7,1.628
6QO9,1.299
6QOA,1.93
6QOB,1.457
6QOC,1.84
6QOD,1.852
6QOE,3.06
6QOF,1.76
6QOG,1.55
6QOH,1.66
6QOI,1.86
6QOJ,2.023
6QOK,1.48
6QOL,1.903
6QOM,1.9
6QON,1.81
6QOO,1.94
6QOP,1.912
6QOQ,1.67
6QOR,1.671
6QOS,2.052
6QOT,1.62
6QOU,1.56
6QOV,1.55
6QOW,1.53
6QOX,1.74
6QOY,1.9
6QP0,2.409
6QP1,1.42
6QP3,2.3
6QP4,2.5
6QP5,1.9
6QP7,1.96
6QP8,2.33
6QP9,3.6
6QPA,2.1
6QPD,2
6QPE,2.2
6QPJ,2.315
6QPK,1.36
6QPL,1.6
6QPP,1.49
6QPQ,2.1
6QPR,1.45
6QPS,1.287
6QPT,1.9
6QPU,2.25
6QPX,1.7
6QPZ,1.65
6QQ0,1.4
6QQ1,1.75
6QQ2,2.6
6QQ3,1.53
6QQ4,1.998
6QQ7,1.65
6QQ8,1.46
6QQ9,1.82
6QQA,1.66
6QQB,2.45
6QQC,1.42
6QQD,1.92
6QQE,1.37
6QQF,1.95
6QQG,2.149
6QQH,1.38
6QQK,2.4
6QQL,2.814
6QQM,1.75
6QQN,2.301
6QQO,2.5
6QQP,2.4
6QQQ,1.85
6QQR,1.56
6QQS,1.76
6QQU,1.59
6QQV,1.712
6QQW,1.8
6QQX,2.69
6QQY,1.49
6QQZ,1.702
6QR0,1.59
6QR1,1.67
6QR2,1.55
6QR3,1.614
6QR4,1.52
6QR5,1.81
6QR6,1.71
6QR7,2.03
6QR8,2.15
6QR9,2.42
6QRA,1.71
6QRB,1.66
6QRC,1.73
6QRD,1.75
6QRE,1.93
6QRF,1.86
6QRG,1.84
6QRH,2.152
6QRI,2.4
6QRJ,2.65
6QRK,2.102
6QRL,1.84
6QRM,2.3
6QRN,1.4
6QRO,2.1
6QRQ,2.562
6QRR,1.096
6QRS,1.17
6QRT,1.17
6QRU,1.17
6QRV,1.17
6QRW,1.17
6QRX,1.17
6QS1,1.8
6QS5,1.961
6QSB,1.99
6QSC,1.569
6QSD,1.45
6QSE,1.9
6QSF,1.5
6QSH,2.5
6QSI,1.69
6QSL,1.6
6QSM,1.65
6QSN,3.004
6QSP,1.45
6QSQ,2
6QSR,1.85
6QSS,1.892
6QST,2.1
6QSW,1.64
6QSX,1.77
6QSY,1.7
6QT8,2.33
6QTA,1.89
6QTG,2.7
6QTJ,2.48
6QTL,2.25
6QTM,3
6QTN,1.9
6QTO,1.27
6QTP,2.37
6QTQ,1.3
6QTR,1.37
6QTS,1.11
6QTT,1.51
6QTU,1.3
6QTV,1.31
6QTW,1.39
6QTX,1.95
6QTY,1.65
6QU0,1.8
6QU1,3.7
6QU2,2.9
6QU3,2.35
6QU5,3.4
6QU6,1.03
6QU7,1.52
6QU9,1.9
6QUA,2.681
6QUB,1.95
6QUC,2.3
6QUF,1.19
6QUK,1.58
6QUN,3
6QUR,1.792
6QUU,1.477
6QUV,1.475
6QUW,1.242
6QUX,1.62
6QV2,4.23
6QV3,2.9
6QV4,2.8
6QV5,2.3
6QV7,1.72
6QVA,2.05
6QVF,1.44
6QVI,2.72
6QVO,2.45
6QVP,1.9
6QVV,2.4
6QW0,1.5
6QW3,1.3
6QW5,1.988
6QW7,1.78
6QWB,1.04
6QWC,1.3
6QWD,1.2
6QWE,1.4
6QWG,1.9
6QWI,2.85
6QWN,3.892
6QWO,2
6QWQ,1.9
6QWS,3.3
6QWT,2.3
6QWV,2.47
6QWW,1.35
6QWX,1.35
6QWY,1.35
6QWZ,1.35
6QX0,1.35
6QX1,2.65
6QX5,3.6
6QX6,1.65
6QXD,2.317
6QXG,2.08
6QXH,2.04
6QXK,2.1
6QXL,2.43
6QXU,1.2
6QXV,1.94
6QXW,1.7
6QXX,1.7
6QXY,1.7
6QY0,1.7
6QY1,1.7
6QY2,1.7
6QY4,1.84
6QY5,1.84
6QY9,1.5
6QYA,1.76
6QYI,1.8
6QYK,2.3
6QYL,2.2
6QYN,2.5
6QYO,2.1
6QYQ,2.25
6QYY,1.8
6QZ5,2
6QZ6,1.9
6QZ7,2.2
6QZ8,2.15
6QZB,2
6QZH,2.1
6QZI,1.9
6QZJ,2.2
6QZK,3.548
6QZL,1.98
6QZM,1.6
6QZO,2.4
6QZR,2.3
6QZS,1.9
6QZT,2.93
6R01,1.18
6R02,2.65
6R0H,2.5
6R0I,2.4
6R0K,1.15
6R0Q,1.5
6R0S,1.55
6R0U,1.7
6R0V,1.6
6R0X,3.13
6R11,1.75
6R12,1.74
6R13,1.65
6R19,1.45
6R1D,1.1
6R1E,2.6
6R1F,3.11
6R1G,1.55
6R1H,1.55
6R1I,2.634
6R1J,1.92
6R1K,1.94
6R1M,1.5
6R1N,2.03
6R1P,1.8
6R1S,1.8
6R1W,1.35
6R1X,1.8
6R29,1.67
6R2A,1.7
6R2B,1.96
6R2C,2.09
6R2D,2.3
6R2E,2.55
6R2H,2.46
6R2J,1.44
6R2L,2.3
6R2M,1.617
6R2N,2.596
6R2O,2.46
6R2P,1.26
6R2R,1.13
6R2S,3.04
6R2T,1.29
6R2U,2.49
6R2W,1.25
6R2Z,1.08
6R30,1.12
6R32,1.21
6R33,1.01
6R34,1.1
6R35,1.8
6R3F,1.25
6R3G,1.13
6R3I,1.14
6R3J,1.39
6R3K,2.2
6R3L,1.24
6R3M,1.45
6R3N,1.02
6R3O,1.13
6R3P,2.05
6R3R,1.65
6R3T,2.73
6R3U,1.9
6R3V,1.75
6R3X,1.59
6R3Z,1.65
6R40,2.2
6R41,2.21
6R42,1.72
6R44,1.99
6R48,1.87
6R49,2.209
6R4A,1.937
6R4B,2.15
6R4C,2.04
6R4D,2.009
6R4E,2.353
6R4G,2.501
6R4H,2.244
6R4I,2.586
6R4J,2.42
6R4L,3.5
6R4M,2.8
6R4N,2.9
6R4S,2.75
6R4T,2.35
6R4U,2.2
6R4V,2.202
6R4X,1.831
6R4Y,1.452
6R4Z,1.052
6R50,1.807
6R51,1.94
6R52,2.022
6R53,1.798
6R54,1.417
6R55,1.401
6R56,1.77
6R57,1.899
6R58,1.9
6R59,1.65
6R5A,1.48
6R5B,2.06
6R5D,1.95
6R5E,1.85
6R5F,3.25
6R5M,1.9
6R5S,2.75
6R5W,1.7
6R5X,1.7
6R5Y,2.15
6R5Z,1.75
6R60,1.75
6R62,1.55
6R63,2.894
6R64,2.64
6R68,1.45
6R6F,1.2
6R6I,1.467
6R6K,2.1
6R6M,1.7
6R6N,2
6R6T,2.535
6R6U,1.705
6R6V,2.5
6R6W,2.474
6R75,2
6R77,2
6R7A,2.13
6R7B,3.12
6R7J,1.84
6R7O,2.31
6R7P,3.22
6R7R,2.8
6R7T,2.682
6R7V,1.4
6R7W,1.5
6R80,2.2
6R82,2.046
6R88,1.6
6R89,2.5
6R8A,3.1
6R8H,1.9
6R8I,1.517
6R8L,1.64
6R8M,1.85
6R8O,1.36
6R8P,1.45
6R8Q,1.5
6R8R,1.27
6R8W,1.4
6R8X,2.04
6R9D,2.1
6R9I,3
6R9J,3.326
6R9M,3.329
6R9N,2.074
6R9O,3.319
6R9P,2.98
6R9Q,3.079
6R9R,2.7
6R9S,2
6R9U,1.26
6R9V,2
6R9W,1.75
6R9X,1.66
6RA0,2.26
6RA1,2
6RA3,2
6RA4,1.9
6RA6,2.3
6RA7,1.2
6RAA,2.1
6RAB,1.96
6RAD,2.796
6RAE,2.049
6RAR,1.785
6RAV,1.7
6RB3,2.3
6RB4,1.5
6RB6,1.9
6RB7,1.6
6RBF,2.704
6RBL,1.9
6RBM,2.05
6RBP,2.473
6RBQ,2.236
6RBR,2.06
6RBS,2.324
6RBT,2.55
6RBU,1.97
6RBV,2.29
6RBW,2.5
6RBX,2.47
6RBY,2.312
6RBZ,2.318
6RC0,2.75
6RC1,2.54
6RC2,2.048
6RC3,2.315
6RC4,2.278
6RC5,2.038
6RC6,2.29
6RCE,1.946
6RCI,2
6RCL,1.97
6RCN,2.25
6RCO,1.66
6RCP,3.231
6RCQ,2.28
6RCR,2.05
6RCS,2.1
6RCT,2.32
6RCU,4.005
6RCV,3.582
6RCW,2.08
6RCZ,1.74
6RD0,1.9
6RD1,1.892
6REH,1.73
6REJ,1.65
6REN,1.3
6REW,2.2
6REX,2.7
6REZ,2.6
6RF0,3
6RF1,2.8
6RF3,2.4
6RF4,2.4
6RF5,2.3
6RF6,1.8
6RF7,2.6
6RFB,2.1
6RFC,2
6RFG,1.897
6RFI,2.31
6RFJ,2.61
6RFN,2.29
6RFT,2.3
6RFU,2.8
6RFV,2.83
6RFW,2.183
6RFX,1.9
6RFY,2.2
6RG6,2.52
6RG7,2.08
6RG8,2.47
6RG9,2.08
6RGA,2.18
6RGB,2.25
6RGC,2.19
6RGD,2.3
6RGH,1.08
6RGI,2.64
6RGK,2.03
6RGN,2.01
6RGP,0.97
6RGV,2
6RGX,1.8
6RGZ,2.35
6RH0,2.87
6RH1,2
6RH2,2
6RH7,2
6RHE,3.1
6RHF,1.07
6RHG,1.22
6RHH,0.97
6RHI,1.01
6RHL,1.299
6RHM,1.596
6RHO,1.07
6RHP,1.6
6RHQ,1.98
6RHR,1.06
6RHS,2.6
6RHT,1.9
6RHU,0.96
6RHV,2.29
6RHX,0.96
6RI0,1
6RI2,1.09
6RI4,1.08
6RI6,0.93
6RI8,0.95
6RIA,3.5
6RIH,2.15
6RII,0.97
6RIK,1.2
6RIL,1.34
6RIM,1.6
6RIS,2.1
6RIV,1.33
6RJ2,2
6RJ3,1.42
6RJ4,1.9
6RJ5,1.89
6RJ6,1.984
6RJ7,1.73
6RJ8,1.42
6RJB,1.15
6RJC,1.05
6RJE,2.5
6RJM,2.112
6RJN,2.295
6RJO,1.804
6RJP,2.57
6RJR,1.895
6RJS,2.6
6RJV,3.21
6RJW,2.85
6RJX,2.35
6RK0,0.99
6RK1,1.63
6RK2,2.09
6RK4,1.43
6RK5,2.6
6RK6,3.15
6RK7,1.8
6RK9,2.292
6RKA,2.5
6RKB,2.3
6RKC,2.56
6RKE,1.7
6RKF,3.219
6RKP,1.7
6RKZ,1.601
6RL5,2.45
6RLE,2.3
6RLG,1.51
6RLT,1.84
6RLU,1.88
6RLV,1.9
6RLY,2.2
6RLZ,3.7
6RM0,2.513
6RM9,1.85
6RMA,2.1
6RMB,2.5
6RMC,2.6
6RMF,1.51
6RMK,1.8
6RML,2.81
6RMM,3.53
6RMS,1.74
6RN5,2.037
6RN6,2.4
6RN8,2.69
6RN9,1.9
6RNA,2.62
6RNB,1.699
6RNC,1.799
6RND,1.7
6RNE,1.65
6RNF,1.7
6RNI,1.54
6RNJ,2.6
6RNK,1.94
6RNN,1.735
6RNQ,1.95
6RNU,2.4
6RNV,1.27
6RNX,2.84
6RNZ,1.35
6RO1,3.07
6RO3,1.03
6RO5,1.68
6RO6,1.41
6RO8,2.6
6ROA,2.65
6ROC,2.9
6ROG,2.16
6ROL,2.1
6ROT,1.339
6ROY,2.1
6ROZ,2.89
6RP1,1.49
6RP3,1.81
6RPA,2.56
6RPG,2.7
6RPH,2.6
6RPP,1.6
6RPQ,2.654
6RPR,2.26
6RPS,2.79
6RPT,2.7
6RPU,2.11
6RQ4,1.96
6RQ7,2.69
6RQA,2.56
6RQG,3.1
6RQK,1.85
6RQN,1.777
6RQO,2
6RQP,1.8
6RQQ,1.276
6RQR,2.2
6RQW,1.488
6RQX,1.68
6RR2,1.991
6RRA,1.4
6RRC,2.37
6RRM,1.64
6RRV,1.1
6RS4,1.3
6RS7,1.6
6RS8,1.58
6RS9,1.4
6RSI,2.48
6RSJ,2.27
6RSK,2.31
6RSL,1.988
6RSN,1.7
6RSQ,2.37
6RSR,3.15
6RST,3.29
6RSW,1.95
6RT1,1.336
6RT3,1.05
6RT4,1.49
6RT5,2.303
6RT6,1.461
6RT7,1.73
6RT8,2.19
6RT9,1.55
6RTA,1.8
6RTE,1.94
6RTG,1.9
6RTH,3.4
6RTJ,2
6RTM,2.1
6RTN,2.17
6RTP,1.1
6RTQ,2
6RTR,1.55
6RTS,2.25
6RTT,1.65
6RTU,1.9
6RTV,1.46
6RTW,1.9
6RU1,1.39
6RU2,1.96
6RU3,1.26
6RU4,2.49
6RU9,1.355
6RUA,2.75
6RUG,1.1
6RUH,1.1
6RUK,1.2
6RUM,1.6
6RUN,1.1
6RUP,2.1
6RUR,6
6RUS,2.8
6RUW,1.35
6RUX,2.5
6RV2,3
6RV3,2.9
6RV4,3.1
6RV6,3.507
6RV7,1.73
6RV8,1.85
6RV9,1.64
6RVB,2.9
6RVC,2.2
6RVE,1.15
6RVF,2.07
6RVG,1.1
6RVK,1.58
6RVL,1.72
6RVM,2.155
6RVN,1.242
6RVO,1.97
6RVQ,1.136
6RW1,1.7
6RW3,3.65
6RW7,1.4
6RWD,1.53
6RWF,1.64
6RWP,2.1
6RWQ,2.05
6RWR,2.1
6RWT,1.42
6RWV,1.639
6RX1,2.1
6RX3,2.2
6RX8,1.92
6RXA,1.44
6RXH,2
6RXI,2
6RYA,2.21
6RYF,1.72
6RYG,0.974
6RYK,1.7
6RYN,1
6RYO,1.924
6RYP,2.3
6RYT,2.1
6RYW,2.6
6RYX,2.65
6RZ3,4.23
6RZ5,2.53
6RZ6,2.43
6RZ8,2.7
6RZ9,2.73
6RZD,2
6RZE,1.69
6RZN,1.907
6RZO,1.632
6RZP,2.2
6RZQ,1.81
6RZY,1.379
6S00,2
6S04,2
6S07,1.04
6S08,2.03
6S0A,2.52
6S0B,2.312
6S0E,1.9
6S0G,1.45
6S0M,2
6S0Y,1.81
6S11,2.445
6S14,1.05
6S17,1.1
6S1B,1.3
6S1F,3.11
6S1I,2.38
6S1J,1.408
6S1R,1.8
6S1S,1.78
6S1W,1.98
6S1Y,2.2
6S1Z,2.5
6S20,1.98
6S21,2.8
6S22,1.96
6S25,1.1
6S2A,2.7
6S2J,2.67
6S2L,2.3
6S2M,0.72
6S2P,2.5
6S2W,1.95
6S2Y,2.3
6S30,2.41
6S31,1.63
6S32,1.35
6S34,1.35
6S35,3.1
6S36,1.6
6S3F,1.68
6S3G,1.9
6S3J,1.9
6S3V,2
6S41,2.7
6S42,1.4
6S43,1.42
6S4C,2
6S4H,2.45
6S4K,2.43
6S4N,1.9
6S4O,2.35
6S4P,2.37
6S4Q,1.85
6S4R,2.3
6S4T,2
6S4U,2.81
6S51,2.37
6S53,2.8
6S54,2.21
6S55,2.09
6S56,2.01
6S57,1.82
6S5A,1.72
6S5B,3.052
6S5C,3
6S5D,3.393
6S5E,3.893
6S5G,4.33
6S5K,1.6
6S5N,4.09
6S5O,3.983
6S5P,1.46
6S5R,2.076
6S5S,1.433
6S5V,1.35
6S5W,1.07
6S5X,1.7
6S5Y,2.3
6S5Z,1.8
6S6D,2.5
6S6Q,2.95
6S6Y,3.1
6S70,2.3
6S71,2.062
6S74,2.1
6S77,2.12
6S79,2.1
6S7A,1.86
6S7B,2.659
6S7C,2.3
6S7G,1.841
6S7J,2.2
6S7K,1.55
6S7N,1.2
6S7Q,2.7
6S7S,1.7
6S7U,1.48
6S7X,1.7
6S7Z,1.85
6S81,1.784
6S83,2.336
6S86,2.6
6S88,1.59
6S89,2.701
6S8A,2.6
6S8O,3.172
6S8Q,2.391
6S8R,2.41
6S8T,2.17
6S8Y,2.09
6S8Z,2.2
6S90,1.82
6S9B,3.25
6S9C,2.73
6S9D,2.67
6S9E,2.25
6S9K,1.6
6S9L,2.1
6S9M,2
6S9N,2.1
6S9O,3.17
6S9P,2.8
6S9R,2.4
6S9S,2.2
6S9T,2.05
6S9U,2.05
6S9V,1.83
6S9W,2.3
6S9X,2.6
6SA4,1.77
6SA5,1.29
6SA6,1.6
6SA7,3.3
6SA8,2.4
6SA9,1.8
6SAF,2.05
6SAK,2
6SAL,1.61
6SAO,1.2
6SAT,1.6
6SAU,1.35
6SAV,1.4
6SAW,3
6SAX,2.4
6SAZ,3
6SB1,2.05
6SB4,3.17
6SBJ,2.22
6SBN,1.09
6SBO,1.48
6SBS,2.801
6SBT,2.3
6SC5,2.1
6SC6,2.25
6SC8,2.106
6SC9,2.47
6SCE,1.83
6SCF,1.55
6SCQ,1.5
6SCR,1.8
6SCS,2.2
6SCX,2.92
6SD0,3.7
6SD8,1.51
6SD9,2.35
6SDA,1.87
6SDC,1.67
6SDD,1.93
6SDE,2.49
6SDF,2.5
6SDK,1.81
6SDV,1.9
6SDX,2.645
6SE3,2.8
6SE4,1.38
6SEA,1.869
6SEB,2.272
6SEC,2.768
6SEH,3.15
6SEI,2.69
6SEK,2.7
6SEL,2.2
6SEM,2.8
6SEO,2.55
6SET,1.9
6SEU,1.95
6SEV,2
6SEW,2.12
6SEX,1.78
6SEZ,2.22
6SF4,1.7
6SFB,1.52
6SFC,2
6SFI,1.6
6SFJ,1.95
6SFK,1.8
6SFO,1.75
6SG8,2.5
6SGF,1.756
6SGG,1.8
6SGL,2.01
6SGM,2
6SGN,2.501
6SH1,2.1
6SH2,2.6
6SH9,2.4
6SHK,1.992
6SHO,3.2
6SHU,1.43
6SI0,1.53
6SI1,1.44
6SI2,1.5
6SI3,1.4
6SI4,1.8
6SI9,1.9
6SIB,1.9
6SID,1.05
6SIE,2.8
6SIJ,1.61
6SIM,1.61
6SIR,1.7
6SIS,3.5
6SIT,4.5
6SIU,2.49
6SIV,1.752
6SIW,1.96
6SIZ,1.77
6SJ1,2.06
6SJ2,1.25
6SJ3,1.17
6SJ4,1.81
6SJ8,1.35
6SJ9,2.2
6SJA,1.499
6SJC,2.23
6SJI,1.8
6SJK,1.85
6SJM,2.52
6SJO,1.95
6SJP,1.9
6SJQ,1.604
6SJR,1.75
6SJS,1.8
6SJV,2.029
6SJZ,1.995
6SK1,1.5
6SK2,1.9
6SK3,2.7
6SK8,1.87
6SKA,3.86
6SKB,1.84
6SKC,2.18
6SKD,2.26
6SKE,3.62
6SKJ,2.8
6SKP,1.891
6SKQ,2.1
6SL4,1.8
6SL8,1.53
6SL9,1.27
6SLB,1.88
6SLF,1.75
6SLH,1.89
6SLL,1.2
6SLS,2.32
6SM1,1.55
6SMR,2.12
6SMV,2.14
6SMW,1.54
6SN6,1.93
6SND,3.1
6SNG,1.6
6SNU,2
6SNY,3.11
6SNZ,2.6
6SO1,1.66
6SO2,1.6
6SOD,1.87
6SOI,1.55
6SOM,2.15
6SON,1.6
6SOO,1.57
6SOP,1.93
6SOQ,1.67
6SOT,1.54
6SOV,1.31
6SOY,2.75
6SP6,1.1
6SP7,1.8
6SP9,1.22
6SPA,1.65
6SPH,2.25
6SPI,2.8
6SPJ,1.97
6SPK,2.77
6SPN,1.45
6SPO,1.2
6SPP,1.49
6SPQ,1.38
6SPR,1.48
6SPV,2.04
6SPW,1.599
6SPX,1.994
6SPZ,2.08
6SQ0,1.77
6SQG,1.9
6SQW,1.8
6SRH,1.25
6SSD,1.18
6SSE,1.56
6SSG,1.47
6SSP,3.25
6SSQ,2.3
6ST1,1.55
6ST3,2.426
6STA,2.19
6STB,2.27
6STL,1.3
6STX,1.9
6STZ,1.14
6SU0,1.98
6SU2,3
6SU4,1.5
6SU8,2.48
6SU9,2.15
6SUO,1.74
6SUP,2
6SUQ,3.7
6SUX,1.16
6SUY,1.75
6SV0,1.16
6SV6,1.15
6SV8,1.15
6SV9,1.15
6SVA,1.92
6SVB,1.15
6SVD,1.15
6SVG,1.16
6SVI,1.16
6SVJ,1.16
6SVM,2.481
6SVN,1.16
6SVO,2.328
6SVP,2.531
6SVR,1.16
6SVU,1.15
6SVV,1.15
6SVW,1.16
6SVX,1.16
6SVZ,1.15
6SW0,1.15
6SW3,1.2
6SWS,3
6SWZ,1.995
6SX1,1.25
6SX4,2.796
6SXT,1.466
6SXU,1.398
6SXV,1.402
6SXW,2.751
6SY4,2.695
6SY6,2.9
6SY7,2.75
6SY9,2.1
6SYG,1.5
6SYH,1.5
6SYJ,0.81
6SYP,1.8
6SYU,1.33
6SYV,1.12
6SYZ,2.28
6SZ1,1.75
6SZ2,1.52
6SZ4,1.75
6SZ5,2.23
6SZ6,2.988
6SZ7,2.31
6SZ8,1.47
6SZE,2.94
6SZH,1.65
6SZJ,2.53
6SZL,1.45
6SZN,1.47
6SZO,2.2
6SZQ,2.412
6SZR,1.64
6SZT,1.5
6SZY,1.79
6T00,2.1
6T01,1.5
6T02,1.1
6T03,1.5
6T05,1.5
6T06,2.4
6T07,1.5
6T08,1.41
6T09,1.75
6T0A,2.02
6T0C,2.03
6T0D,1.43
6T0E,1.89
6T0I,1.53
6T0O,1.71
6T0Q,2.05
6T0X,1.36
6T0Z,1.43
6T10,1.48
6T11,1.49
6T12,1.46
6T1B,1.2
6T1D,2.2
6T1J,1.97
6T1L,2
6T1N,1.95
6T1O,1.9
6T1T,2.08
6T1U,1.5
6T21,2.07
6T28,1.55
6T29,1.484
6T2B,2.13
6T2D,1.8
6T2E,2.4
6T2F,2.09
6T2H,1.41
6T2J,1.7
6T2T,1.3
6T2W,1.7
6T39,1.6
6T3A,1.85
6T3B,3.01
6T3C,2.62
6T3F,3.2
6T3X,1.48
6T3Z,1.559
6T42,1.95
6T44,2
6T4C,1.8
6T5B,1.37
6T5U,1.72
6T5V,1.31
6T5Z,1.6
6T6A,2.8
6T6B,2.8
6T6C,1.25
6T6D,2.56
6T6G,2.06
6T73,3.435
6T74,1.9
6T75,2.55
6T7G,1.8
6T7O,1.6
6T7X,2.3
6T7Y,2.7
6T84,1.4
6T8E,1.86
6T8F,2
6T8K,2
6T8Q,2.51
6T8U,2.84
6T8V,2.29
6T8W,1.7
6T96,1.65
6T9R,1.72
6T9Y,1.92
6TAE,2.222
6TB2,2.9
6TBQ,1.72
6TBR,1.7
6TBZ,1.782
6TC4,2
6TCE,2.92
6TCN,2.3
6TCO,1.8
6TCR,1.45
6TCS,2.3
6TCV,1.311
6TCW,1.599
6TCX,1.65
6TD0,0.99
6TD7,1.75
6TD9,1.96
6TE6,1.98
6TEE,2.2
6TEF,1.8
6TEL,2.19
6TEO,3.1
6TFM,2.343
6TFP,2
6TFS,2
6TFX,1.56
6TG2,2.21
6TG7,1.65
6TGE,1.5
6TGK,1.3
6TGS,1.53
6TH7,2.2
6THB,2.78
6THK,2.2
6THP,2.54
6TID,1.614
6TIG,1.9
6TKA,1.91
6TKV,1.95
6TKY,2.55
6TKZ,2.64
6TL2,3.8
6TLD,1.61
6TLM,2.321
6TLX,2.87
6TLY,1.8
6TM3,1.08
6TM4,1.89
6TM6,1.63
6TM7,3
6TME,2.33
6TMR,2.893
6TN8,1.63
6TNK,1.9
6TNS,2.4
6TO7,2.26
6TOD,2.11
6TOS,2.13
6TOT,2.22
6TOU,2.587
6TOV,0.767
6TP3,3.04
6TP4,3.011
6TP6,2.338
6TPG,2.741
6TPX,1.48
6TPY,1.8
6TPZ,1.299
6TQ2,2.26
6TQ4,2.299
6TQ6,2.546
6TQ7,2.664
6TQJ,2.3
6TR1,1.7
6TR5,1.509
6TR6,1.35
6TR7,1.47
6TR9,2.46
6TRF,4.106
6TRG,1
6TRT,4.58
6TRZ,2.02
6TS0,2.2
6TS1,2.2
6TS2,5.74
6TS9,1.55
6TSA,2.18
6TSF,2.09
6TSJ,2.3
6TSS,2.18
6TSX,2.021
6TSZ,1.9
6TT5,1.5
6TTJ,3.392
6TTM,1.91
6TTN,1.12
6TTO,1.31
6TTP,2
6TTT,2.3
6TTV,2.14
6TTX,2
6TYA,2.066
6TYB,2.301
6TYD,2.803
6TYF,3.8
6TYJ,1.6
6TYM,1.422
6TYN,2.33
6TYO,2.04
6TYP,2.5
6TYQ,1.88
6TYT,2.403
6TYU,1.469
6TYV,1.926
6TYW,1.7
6TYX,1.899
6TYY,1.36
6TZ8,3.3
6TZB,2.243
6TZC,2.41
6TZK,1.852
6TZM,1.714
6TZO,1.69
6TZX,1.529
6TZZ,3
6U00,1.981
6U01,1.87
6U03,1.849
6U04,2.2
6U05,1.948
6U06,1.96
6U09,1.79
6U0A,2.11
6U0I,1.9
6U0K,1.744
6U0P,2.02
6U0W,1.9
6U0X,1.86
6U0Y,1.7
6U0Z,1.65
6U10,1.4
6U11,2.7
6U12,1.56
6U14,1.3
6U15,2.4
6U16,1.6
6U1B,2.08
6U1M,1.61
6U1R,1.792
6U1U,1.75
6U1V,1.75
6U1Y,2.17
6U26,1.53
6U2G,2.886
6U2H,2.5
6U2N,2.15
6U2U,1.5
6U2X,2.15
6U2Y,1.5
6U2Z,2.38
6U30,1.655
6U34,2.4
6U36,2.7
6U39,2.4
6U3A,1.65
6U3I,2.9
6U3K,1.8
6U3L,1.75
6U3M,1.9
6U3O,2.743
6U3P,3
6U3W,2.394
6U3X,2.64
6U3Z,1.99
6U43,1.4
6U44,2.1
6U45,2.35
6U4B,2.1
6U4J,2.11
6U4Q,1.306
6U4R,2.45
6U4T,1.356
6U4X,2.25
6U50,1.6
6U53,1.49
6U58,1.89
6U5A,2.65
6U5C,1.62
6U5D,1.65
6U5E,1.56
6U5L,1.75
6U5M,1.8
6U5Y,1.532
6U60,2.1
6U63,2.75
6U64,2.55
6U65,2.09
6U66,0.99
6U67,1.84
6U6A,2.45
6U6F,2.9
6U6N,2.15
6U6V,1.9
6U6W,1.2
6U77,2.85
6U7D,3
6U7E,3
6U7I,2.7
6U7J,2.2
6U7L,2.75
6U7O,1.33
6U7P,1.13
6U80,1.55
6U81,2.34
6U82,3.21
6U83,2.357
6U85,2.78
6U8B,1.261
6U8C,2.61
6U8D,1.807
6U8J,2.492
6U8K,2.75
6U8L,1.57
6U8O,1.6
6U8Z,1.799
6U94,2.35
6U97,1.13
6U98,1.5
6U99,1.6
6U9A,1.65
6U9B,1.75
6UA1,1.8
6UAF,1.9
6UAH,1.98
6UAK,2.01
6UAP,2.745
6UB9,2.783
6UBI,1.903
6UBR,1.96
6UBZ,1.83
6UC1,2.19
6UC5,1.75
6UC6,2.32
6UCA,3.103
6UCG,2.87
6UCI,2.09
6UCL,2.207
6UCM,2.424
6UCQ,3.5
6UCS,1.85
6UCZ,2
6UD2,1.7
6UD7,2.3
6UDE,1.95
6UDF,1.95
6UDG,2.65
6UDI,1.94
6UDS,1.9
6UDT,1.5
6UDU,1.75
6UDV,1.35
6UDX,1.7
6UDY,1.7
6UE0,1.892
6UE2,1.85
6UE3,1.56
6UE6,2.4
6UED,1.55
6UEH,1.849
6UEI,2.51
6UEJ,2.21
6UEK,2.16
6UEL,1.9
6UEV,2.7
6UEW,2.4
6UEX,1.9
6UF0,1.96
6UF3,1.6
6UF5,2.8
6UF6,2.2
6UFN,2.7
6UFO,2.68
6UFP,1.737
6UFQ,2.51
6UFT,2.9
6UFX,2.015
6UG7,1.52
6UG8,1.89
6UG9,2.74
6UGA,2.5
6UGN,1.406
6UGO,1.457
6UGP,1.306
6UGQ,1.305
6UGR,1.307
6UGS,1.95
6UGT,2.15
6UGU,2.2
6UGV,2.4
6UGW,2
6UGX,2.1
6UGZ,1.306
6UH0,1.306
6UH2,1.9
6UH3,2.7
6UH4,3.51
6UH9,1.52
6UHN,1.92
6UHO,1.95
6UHP,2.9
6UHQ,2.85
6UHR,3
6UHT,2.2
6UHU,2.8
6UHV,2.53
6UI2,2.35
6UII,2.65
6UIJ,2.9
6UIL,2.85
6UIM,2.75
6UIP,3.7
6UIR,2.639
6UIS,2.748
6UIT,2.806
6UJD,2.6
6UJK,1.2
6UJX,2.705
6UJY,2.595
6UK0,2.757
6UK3,1.4
6UKF,1
6UKG,1.16
6UKH,2.82
6UKI,2.7
6UKO,4.4
6UL2,1.979
6UL4,3.184
6UL5,2.23
6UL6,2.02
6UL8,2.68
6ULL,1.45
6ULO,1.3
6ULU,2.76
6ULW,3.4
6ULY,2.3
6ULZ,3.1
6UM3,2.5
6UM4,2.05
6UM8,2.33
6UMG,2.7
6UMH,2.15
6UMI,2.4
6UMJ,2.7
6UMK,1.35
6UMT,1.986
6UMU,1.183
6UMV,1.424
6UMX,2.79
6UN1,2.26
6UN3,1.9
6UNB,1.3
6UND,1.55
6UNE,2.55
6UNF,1.55
6UNG,2.3
6UNH,2.72
6UNI,2.602
6UNJ,2.6
6UNK,2.75
6UNL,2.55
6UNM,2.83
6UNZ,3.195
6UO0,1.85
6UO2,1.65
6UO3,1.09
6UO4,1.268
6UO5,1.439
6UO6,2.15
6UOB,1.58
6UOF,1.2
6UOI,1.953
6UOJ,2.35
6UOK,2.55
6UOL,1.936
6UOM,2.05
6UPM,2.03
6UPO,3.113
6UPP,1.56
6UPT,1.96
6UQ8,1.339
6UQ9,2.304
6UQB,1.951
6UQC,1.87
6UQL,2.1
6UQM,2.004
6UQN,3.298
6UQR,3.65
6UR2,2.27
6UR4,2.25
6UR9,2.1
6URU,2.6
6URV,2.9
6US5,2.25
6USC,1.59
6USN,2.773
6UTM,2.14
6UTO,1.64
6UTP,3.55
6UTQ,2.39
6UTR,2.41
6UTT,2.49
6UUG,1.685
6UUI,2.069
6UUJ,3
6UUT,1.65
6UUV,1.8
6UUX,1.5
6UUY,1.37
6UV0,2.601
6UV3,1.597
6UV7,2.27
6UVI,2.1
6UVJ,1.38
6UVM,1.51
6UVO,2.9
6UVP,1.56
6UVV,1.63
6UVW,2.551
6UVY,1.71
6UVZ,2.898
6UW0,2.72
6UWE,1.6
6UWG,2.22
6UWH,2.299
6UWI,3.7
6UWJ,1.852
6UWK,2.533
6UWO,2.3
6UWP,1.29
6UWV,1.47
6UWX,1.307
6UWY,2.95
6UX3,2.198
6UXE,1.57
6UXF,1.65
6UXG,2.15
6UXI,2.1
6UXJ,1.4
6UXK,2.1
6UXL,2.35
6UXT,1.797
6UY1,2.21
6UYH,1.75
6UYO,1.639
6UYP,1.418
6UYQ,1.501
6UYR,1.3
6UYT,1.662
6UYU,1.658
6UYV,1.401
6UYX,1.7
6UYY,1.599
6UYZ,1.4
6UZ6,1.66
6UZF,1.75
6UZG,1.94
6UZI,2.8
6UZR,1.87
6UZT,1.8
6UZW,2.13
6UZX,2.41
6V0K,2.41
6V0S,2.4
6V0U,1.4
6V14,1.7
6V16,1.9
6V17,2.05
6V1C,1.55
6V1D,2.4
6V1K,1.75
6V1L,2.1
6V1U,1.73
6V1V,3.189
6V2D,2.1
6V2H,2.6
6V2L,1.7
6V2M,1.66
6V2N,1.65
6V2S,1.6
6V2T,1.9
6V33,2.03
6V36,3.4
6V3C,3.51
6V3I,3.4
6V3Q,2.4
6V3R,2.66
6V3T,2.84
6V3U,2
6V3Z,1.9
6V40,2.104
6V41,1.603
6V45,2.6
6V4K,3.53
6V4W,1.29
6V54,1.45
6V55,2.38
6V61,1.58
6V63,2.02
6V6L,2.19
6V6N,1.85
6V70,1.95
6V71,1.4
6V72,1.5
6V73,2.4
6V74,2.32
6V75,2.85
6V76,2.75
6V77,1.75
6V7G,1.4
6V7J,2
6V7L,2.8
6V7M,2
6V7O,2.9
6V87,2.4
6V8Q,2.7
6V8T,2.1
6V8W,2.8
6V91,1.9
6V98,1.8
6V9P,1.93
6V9T,2.154
6VAG,1.4
6VBB,2.6
6VBF,1.85
6VBO,1.683
6VBP,2.298
6VCK,2.69
6VCL,2.06
6VCM,2.35
6VCN,1.9
6VCO,1.7
6VCP,1.7
6VCR,1.6
6VCW,1.4
6VCX,1.1
6VCY,1.82
6VCZ,1.52
6VD0,2
6VDC,2.402
6VDD,1.9
6VDE,2.713
6VDG,2.79
6VDI,2.1